日期,国家,确诊人数,治愈人数,死亡人数,新增确诊,新增死亡,现有确诊
2月1日,美国,7,,0,,0,7
2月2日,美国,8,,0,1,0,8
2月3日,美国,11,,0,3,0,11
2月4日,美国,11,,0,0,0,11
2月5日,美国,11,,0,0,0,11
2月6日,美国,12,,0,1,0,12
2月7日,美国,12,,0,0,0,12
2月8日,美国,12,,0,0,0,12
2月9日,美国,12,,0,0,0,12
2月10日,美国,12,,0,0,0,12
2月11日,美国,13,,0,1,0,13
2月12日,美国,13,,0,0,0,13
2月13日,美国,14,,0,1,0,14
2月14日,美国,15,,0,1,0,15
2月15日,美国,15,,0,0,0,15
2月16日,美国,15,,0,0,0,15
2月17日,美国,15,,0,0,0,15
2月18日,美国,15,,0,0,0,15
2月19日,美国,15,,0,0,0,15
2月20日,美国,15,,0,0,0,15
2月21日,美国,15,,0,0,0,15
2月22日,美国,35,,0,20,0,35
2月23日,美国,35,,0,0,0,35
2月24日,美国,35,,0,0,0,35
2月25日,美国,53,,0,18,0,53
2月26日,美国,53,,0,0,0,53
2月27日,美国,59,,0,6,0,59
2月28日,美国,59,,0,0,0,59
2月29日,美国,62,,0,3,0,62
3月1日,美国,62,,0,0,0,62
3月2日,美国,62,,0,0,0,62
3月3日,美国,64,,2,2,2,64
3月4日,美国,108,,6,44,4,108
3月5日,美国,129,,9,21,3,129
3月6日,美国,148,,10,19,1,148
3月7日,美国,317,15,15,169,5,302
3月8日,美国,434,15,19,117,4,419
3月9日,美国,538,15,22,104,3,523
3月10日,美国,624,15,26,86,4,609
3月11日,美国,975,15,30,351,4,960
3月12日,美国,1301,15,38,326,8,1286
3月13日,美国,1697,30,41,396,3,1667
3月14日,美国,2269,41,48,572,7,2228
3月15日,美国,2836,49,57,567,9,2787
3月16日,美国,3668,59,68,832,11,3609
3月17日,美国,4547,74,85,879,17,4473
3月18日,美国,6439,106,109,1892,24,6333
3月19日,美国,9261,106,150,2822,41,9155
3月20日,美国,13816,108,207,4555,57,13708
3月21日,美国,19083,147,275,5267,68,18936
3月22日,美国,26111,176,324,7028,49,25935
3月23日,美国,32356,178,414,6245,90,32178
3月24日,美国,43449,295,545,11093,131,43154
3月25日,美国,53358,370,695,9909,150,52988
3月26日,美国,65342,393,922,11984,227,64949
3月27日,美国,82179,1864,1177,16837,255,80315
3月28日,美国,100514,2465,1546,18335,369,98049
3月29日,美国,120529,3229,2008,20015,462,117300
3月30日,美国,139986,4435,2454,19457,446,135551
3月31日,美国,160344,5220,2953,20358,499,155124
4月1日,美国,185270,6347,3780,24926,827,178923
4月2日,美国,211408,8805,4718,26138,938,202603
4月3日,美国,240529,10365,5810,29121,1092,230164
4月4日,美国,274178,12044,7053,33649,1243,262134
4月5日,美国,308124,14686,8392,33946,1339,293438
4月6日,美国,334125,17177,9557,26001,1165,316948
4月7日,美国,363424,19532,10764,29299,1207,343892
4月8日,美国,394182,21571,12716,30758,1952,372611
4月9日,美国,425828,22202,14604,31646,1888,403626
4月10日,美国,463433,25139,16504,37605,1900,438294
4月11日,美国,496828,26822,18509,33395,2005,470006
4月12日,美国,529343,29442,20466,32515,1957,499901
4月13日,美国,557235,31976,21956,27892,1490,525259
4月14日,美国,583870,35755,23485,26635,1529,548115
4月15日,美国,610632,38562,25856,26762,2371,572070
4月16日,美国,641410,48131,28394,30778,2538,593279
4月17日,美国,669129,57271,32868,27719,4474,611858
4月18日,美国,699850,59142,37242,30721,4374,640708
4月19日,美国,736052,67418,38844,36202,1602,668634
4月20日,美国,762496,69956,40478,26444,1634,692540
4月21日,美国,788690,71781,42263,26194,1785,716909
4月22日,美国,815892,82620,45126,27202,2863,733272
4月23日,美国,844992,83910,47430,29100,2304,761082
4月24日,美国,876174,85010,49651,31182,2221,791164
4月25日,美国,916348,93275,51742,40174,2091,823073
4月26日,美国,955488,116167,54120,39140,2378,839321
4月27日,美国,985060,118735,55357,29572,1237,866325
4月28日,美国,1004942,137591,56527,19882,1170,867351
4月29日,美国,1029878,140138,58640,24936,2113,889740
4月30日,美国,1056646,145320,61180,26768,2540,911326
5月1日,美国,1092656,151774,63765,36010,2585,940882
5月2日,美国,1125305,160173,65540,32649,1775,965132
5月3日,美国,1156313,170772,67206,31008,1666,985541
5月4日,美国,1185167,178219,68495,28854,1289,1006948
5月5日,美国,1209702,184354,69476,24535,981,1025348
5月6日,美国,1234487,199148,72054,24785,2578,1035339
5月7日,美国,1256638,205261,74121,22151,2067,1051377
5月8日,美国,1288051,215078,76729,31413,2608,1072973
5月9日,美国,1318526,221919,78494,30475,1765,1096607
5月10日,美国,1342723,232869,79926,24197,1432,1109854
5月11日,美国,1365247,240842,80715,22524,789,1124405
5月12日,美国,1381665,260188,81552,16418,837,1121477
5月13日,美国,1406306,280438,83254,24641,1702,1125868
5月14日,美国,1427185,307755,84971,20879,1717,1119430
5月15日,美国,1453381,316244,86770,26196,1799,1137137
5月16日,美国,1480703,321348,88309,27322,1539,1159355
5月17日,美国,1503684,337563,89454,22981,1145,1166121
5月18日,美国,1525579,343204,90902,21895,1448,1182375
5月19日,美国,1544685,353116,91730,19106,828,1191569
5月20日,美国,1567289,362384,93343,22604,1613,1204905
5月21日,美国,1588666,362135,94743,21377,1400,1226531
5月22日,美国,1617655,381567,96179,28989,1436,1236088
5月23日,美国,1642698,396075,97538,25043,1359,1246623
5月24日,美国,1665027,445009,98639,22329,1101,1220018
5月25日,美国,1684048,451451,99243,19021,604,1232597
5月26日,美国,1703881,461002,99754,19833,511,1242879
5月27日,美国,1722856,477189,100468,18975,714,1245667
5月28日,美国,1742286,485929,101842,19430,1374,1256357
5月29日,美国,1766201,497958,103265,23915,1423,1268243
5月30日,美国,1788719,518114,104386,22518,1121,1270605
5月31日,美国,1814602,528345,105514,25883,1128,1286257
6月1日,美国,1834494,541168,106141,19892,627,1293326
6月2日,美国,1856800,608191,106851,22306,710,1248609
6月3日,美国,1878305,622092,107970,21505,1119,1256213
6月4日,美国,1898459,652021,108993,20154,1023,1246438
6月5日,美国,1921992,705991,110093,23533,1100,1216001
6月6日,美国,1951009,718239,111265,29017,1172,1232770
6月7日,美国,1986111,746976,112046,35102,781,1239135
6月8日,美国,2005813,757107,112477,19702,431,1248706
6月9日,美国,2024283,771060,113024,18470,547,1253223
6月10日,美国,2043291,783082,114088,19008,1064,1260209
6月11日,美国,2064085,800512,115084,20794,996,1263573
6月12日,美国,2087845,813497,115988,23760,904,1274348
6月13日,美国,2114776,837451,116773,26931,785,1277325
6月14日,美国,2140799,849117,117485,26023,712,1291682
6月15日,美国,2160857,860122,117841,20058,356,1300735
6月16日,美国,2182950,889866,118283,22093,442,1293084
6月17日,美国,2203095,898250,119017,20145,734,1304845
6月18日,美国,2231598,911110,119892,28503,875,1320488
6月19日,美国,2257604,924930,120531,26006,639,1332674
6月20日,美国,2293300,953453,121364,35696,833,1339847
6月21日,美国,2326225,966048,121897,32925,533,1360177
6月22日,美国,2352882,977683,122237,26657,340,1375199
6月23日,美国,0,0,0,0,0,0
6月24日,美国,0,0,0,0,0,0
6月25日,美国,0,0,0,0,0,0
6月26日,美国,0,0,0,0,0,0
6月27日,美国,0,0,0,0,0,0
6月28日,美国,0,0,0,0,0,0
6月29日,美国,0,0,0,0,0,0
6月30日,美国,0,0,0,0,0,0
2月1日,西班牙,1,,0,,0,1
2月2日,西班牙,1,,0,0,0,1
2月3日,西班牙,1,,0,0,0,1
2月4日,西班牙,1,,0,0,0,1
2月5日,西班牙,1,,0,0,0,1
2月6日,西班牙,1,,0,0,0,1
2月7日,西班牙,1,,0,0,0,1
2月8日,西班牙,1,,0,0,0,1
2月9日,西班牙,1,,0,0,0,1
2月10日,西班牙,2,,0,1,0,2
2月11日,西班牙,2,,0,0,0,2
2月12日,西班牙,2,,0,0,0,2
2月13日,西班牙,2,,0,0,0,2
2月14日,西班牙,2,,0,0,0,2
2月15日,西班牙,2,,0,0,0,2
2月16日,西班牙,2,,0,0,0,2
2月17日,西班牙,2,,0,0,0,2
2月18日,西班牙,2,,0,0,0,2
2月19日,西班牙,2,,0,0,0,2
2月20日,西班牙,2,,0,0,0,2
2月21日,西班牙,2,,0,0,0,2
2月22日,西班牙,2,,0,0,0,2
2月23日,西班牙,2,,0,0,0,2
2月24日,西班牙,2,,0,0,0,2
2月25日,西班牙,2,,0,0,0,2
2月26日,西班牙,2,,0,0,0,2
2月27日,西班牙,12,,0,10,0,12
2月28日,西班牙,25,,0,13,0,25
2月29日,西班牙,32,,0,7,0,32
3月1日,西班牙,45,,0,13,0,45
3月2日,西班牙,45,,0,0,0,45
3月3日,西班牙,114,,0,69,0,114
3月4日,西班牙,151,,0,37,0,151
3月5日,西班牙,198,,1,47,1,198
3月6日,西班牙,257,,3,59,2,257
3月7日,西班牙,401,6,8,144,5,395
3月8日,西班牙,503,30,10,102,2,473
3月9日,西班牙,674,32,17,171,7,642
3月10日,西班牙,1231,32,30,557,13,1199
3月11日,西班牙,1695,135,36,464,6,1560
3月12日,西班牙,2277,183,55,582,19,2094
3月13日,西班牙,3146,189,86,869,31,2957
3月14日,西班牙,5232,193,133,2086,47,5039
3月15日,西班牙,6391,517,195,1159,62,5874
3月16日,西班牙,7845,517,292,1454,97,7328
3月17日,西班牙,9682,530,342,1837,50,9152
3月18日,西班牙,11826,1028,533,2144,191,10798
3月19日,西班牙,14769,1081,638,2943,105,13688
3月20日,西班牙,18077,1107,831,3308,193,16970
3月21日,西班牙,21510,2125,1326,3433,495,19385
3月22日,西班牙,25496,2125,1378,3986,52,23371
3月23日,西班牙,28603,2125,1756,3107,378,26478
3月24日,西班牙,35136,3355,2311,6533,555,31781
3月25日,西班牙,42058,3794,2991,6922,680,38264
3月26日,西班牙,49515,5367,3647,7457,656,44148
3月27日,西班牙,56347,7015,4154,6832,507,49332
3月28日,西班牙,64285,9357,4940,7938,786,54928
3月29日,西班牙,72469,12285,5826,8184,886,60184
3月30日,西班牙,80031,14709,6802,7562,976,65322
3月31日,西班牙,87956,16780,7716,7925,914,71176
4月1日,西班牙,95923,19259,8464,7967,748,76664
4月2日,西班牙,104118,22647,9387,8195,923,81471
4月3日,西班牙,112065,26743,10348,7947,961,85322
4月4日,西班牙,119199,30513,11198,7134,850,88686
4月5日,西班牙,126168,34219,11947,6969,749,91949
4月6日,西班牙,131646,38080,12641,5478,694,93566
4月7日,西班牙,136675,40437,13341,5029,700,96238
4月8日,西班牙,141942,43208,14045,5267,704,98734
4月9日,西班牙,148220,48021,14792,6278,747,100199
4月10日,西班牙,153222,52165,15447,5002,655,101057
4月11日,西班牙,158273,55668,16081,5051,634,102605
4月12日,西班牙,163027,59109,16606,4754,525,103918
4月13日,西班牙,166127,62391,17113,3100,507,103736
4月14日,西班牙,169628,64727,17628,3501,515,104901
4月15日,西班牙,172541,67504,18056,2913,428,105037
4月16日,西班牙,177644,70853,18708,5103,652,106791
4月17日,西班牙,184948,74797,19315,7304,607,110151
4月18日,西班牙,188093,74797,19613,3145,298,113296
4月19日,西班牙,191726,74797,20043,3633,430,116929
4月20日,西班牙,198674,77357,20453,6948,410,121317
4月21日,西班牙,200210,80587,20852,1536,399,119623
4月22日,西班牙,204178,82514,21282,3968,430,121664
4月23日,西班牙,208389,85915,21717,4211,435,122474
4月24日,西班牙,213024,89250,22157,4635,440,123774
4月25日,西班牙,219764,92355,22524,6740,367,127409
4月26日,西班牙,219764,95708,22524,0,0,124056
4月27日,西班牙,207634,117727,23190,-12130,666,89907
4月28日,西班牙,209465,120832,23521,1831,331,88633
4月29日,西班牙,210773,123903,23822,1308,301,86870
4月30日,西班牙,212917,132929,24275,2144,453,79988
5月1日,西班牙,213435,137984,24543,518,268,75451
5月2日,西班牙,215216,142450,24824,1781,281,72766
5月3日,西班牙,216582,146233,25100,1366,276,70349
5月4日,西班牙,217466,148558,25264,884,164,68908
5月5日,西班牙,218011,151633,25428,545,164,66378
5月6日,西班牙,219329,154718,25613,1318,185,64611
5月7日,西班牙,220325,159359,25857,996,244,60966
5月8日,西班牙,221447,163919,26070,1122,213,57528
5月9日,西班牙,222857,168408,26299,1410,229,54449
5月10日,西班牙,223578,173157,26478,721,179,50421
5月11日,西班牙,224390,176439,26621,812,143,47951
5月12日,西班牙,227436,177846,26744,3046,123,49590
5月13日,西班牙,228030,180470,26834,594,90,47560
5月14日,西班牙,228691,183227,26834,661,0,45464
5月15日,西班牙,229540,186480,26834,849,0,43060
5月16日,西班牙,230183,188967,26834,643,0,41216
5月17日,西班牙,230698,192253,26834,515,0,38445
5月18日,西班牙,231360,195945,26834,662,0,35415
5月19日,西班牙,231606,196958,26834,246,0,34648
5月20日,西班牙,232037,196958,26834,431,0,35079
5月21日,西班牙,232555,196958,26834,518,0,35597
5月22日,西班牙,233037,196958,26834,482,0,36079
5月23日,西班牙,234824,196958,26834,1787,0,37866
5月24日,西班牙,235290,196958,26834,466,0,38332
5月25日,西班牙,235400,196958,26834,110,0,38442
5月26日,西班牙,235400,196958,26834,0,0,38442
5月27日,西班牙,236259,196958,27117,859,280,39301
5月28日,西班牙,236769,196958,27118,510,1,39811
5月29日,西班牙,237906,196958,27119,1137,1,40948
5月30日,西班牙,238564,196958,27121,658,2,41606
5月31日,西班牙,239228,196958,27125,664,4,42270
6月1日,西班牙,239429,196958,27127,201,2,42471
6月2日,西班牙,239638,196958,27127,209,0,42680
6月3日,西班牙,239932,0,27127,294,0,239932
6月4日,西班牙,240326,0,27128,394,1,240326
6月5日,西班牙,240666,0,27133,340,5,240666
6月6日,西班牙,240978,0,27134,312,1,240978
6月7日,西班牙,241310,0,27135,332,1,241310
6月8日,西班牙,241550,0,27136,240,1,241550
6月9日,西班牙,241717,N/A,27136,167,0,#VALUE!
6月10日,西班牙,241966,N/A,27136,249,0,#VALUE!
6月11日,西班牙,242282,N/A,27136,316,0,#VALUE!
6月12日,西班牙,242707,N/A,27136,425,0,#VALUE!
6月13日,西班牙,243209,N/A,27136,502,0,#VALUE!
6月14日,西班牙,243605,N/A,27136,396,0,#VALUE!
6月15日,西班牙,243928,N/A,27136,323,0,#VALUE!
6月16日,西班牙,244109,N/A,27136,181,0,#VALUE!
6月17日,西班牙,244328,N/A,27136,219,0,#VALUE!
6月18日,西班牙,244683,N/A,27136,355,0,#VALUE!
6月19日,西班牙,245268,N/A,27136,585,0,#VALUE!
6月20日,西班牙,245575,N/A,28315,307,1179,#VALUE!
6月21日,西班牙,245938,N/A,28322,363,7,#VALUE!
6月22日,西班牙,246272,N/A,28323,334,1,#VALUE!
6月23日,西班牙,0,0,0,0,0,0
6月24日,西班牙,0,0,0,0,0,0
6月25日,西班牙,0,0,0,0,0,0
6月26日,西班牙,0,0,0,0,0,0
6月27日,西班牙,0,0,0,0,0,0
6月28日,西班牙,0,0,0,0,0,0
6月29日,西班牙,0,0,0,0,0,0
6月30日,西班牙,0,0,0,0,0,0
2月1日,意大利,2,,0,,0,2
2月2日,意大利,2,,0,0,0,2
2月3日,意大利,2,,0,0,0,2
2月4日,意大利,2,,0,0,0,2
2月5日,意大利,2,,0,0,0,2
2月6日,意大利,2,,0,0,0,2
2月7日,意大利,3,,0,1,0,3
2月8日,意大利,3,,0,0,0,3
2月9日,意大利,3,,0,0,0,3
2月10日,意大利,3,,0,0,0,3
2月11日,意大利,3,,0,0,0,3
2月12日,意大利,3,,0,0,0,3
2月13日,意大利,3,,0,0,0,3
2月14日,意大利,3,,0,0,0,3
2月15日,意大利,3,,0,0,0,3
2月16日,意大利,3,,0,0,0,3
2月17日,意大利,3,,0,0,0,3
2月18日,意大利,3,,0,0,0,3
2月19日,意大利,3,,0,0,0,3
2月20日,意大利,3,,0,0,0,3
2月21日,意大利,3,,0,0,0,3
2月22日,意大利,9,,0,6,0,9
2月23日,意大利,76,,2,67,2,76
2月24日,意大利,124,,2,48,0,124
2月25日,意大利,229,,6,105,4,229
2月26日,意大利,322,,11,93,5,322
2月27日,意大利,400,,12,78,1,400
2月28日,意大利,650,,17,250,5,650
2月29日,意大利,888,,21,238,4,888
3月1日,意大利,1128,,29,240,8,1128
3月2日,意大利,1689,,35,561,6,1689
3月3日,意大利,2036,,52,347,17,2036
3月4日,意大利,2502,,80,466,28,2502
3月5日,意大利,3089,,107,587,27,3089
3月6日,意大利,3858,,148,769,41,3858
3月7日,意大利,4636,523,197,778,49,4113
3月8日,意大利,5883,589,233,1247,36,5294
3月9日,意大利,7375,622,366,1492,133,6753
3月10日,意大利,9172,724,463,1797,97,8448
3月11日,意大利,10149,1004,631,977,168,9145
3月12日,意大利,12462,1045,827,2313,196,11417
3月13日,意大利,15113,1258,1016,2651,189,13855
3月14日,意大利,17660,1439,1266,2547,250,16221
3月15日,意大利,21157,1966,1441,3497,175,19191
3月16日,意大利,24747,2335,1809,3590,368,22412
3月17日,意大利,27980,2749,2158,3233,349,25231
3月18日,意大利,31506,2941,2503,3526,345,28565
3月19日,意大利,35713,4025,2978,4207,475,31688
3月20日,意大利,41035,4440,3405,5322,427,36595
3月21日,意大利,47021,5129,4032,5986,627,41892
3月22日,意大利,53578,6072,4825,6557,793,47506
3月23日,意大利,59138,7024,5476,5560,651,52114
3月24日,意大利,63927,7432,6077,4789,601,56495
3月25日,意大利,69176,8326,6820,5249,743,60850
3月26日,意大利,74386,9362,7503,5210,683,65024
3月27日,意大利,80589,10361,8215,6203,712,70228
3月28日,意大利,86498,10950,9134,5909,919,75548
3月29日,意大利,92472,12384,10023,5974,889,80088
3月30日,意大利,97689,13030,10779,5217,756,84659
3月31日,意大利,101739,14620,11591,4050,812,87119
4月1日,意大利,105792,15729,12428,4053,837,90063
4月2日,意大利,110574,16847,13155,4782,727,93727
4月3日,意大利,115242,18278,13915,4668,760,96964
4月4日,意大利,119827,19758,14681,4585,766,100069
4月5日,意大利,124632,20996,15362,4805,681,103636
4月6日,意大利,128948,21815,15887,4316,525,107133
4月7日,意大利,132547,22837,16523,3599,636,109710
4月8日,意大利,135586,24392,17127,3039,604,111194
4月9日,意大利,139422,26491,17669,3836,542,112931
4月10日,意大利,143626,28470,18279,4204,610,115156
4月11日,意大利,147577,30455,18849,3951,570,117122
4月12日,意大利,152271,32534,19468,4694,619,119737
4月13日,意大利,156363,34211,19899,4092,431,122152
4月14日,意大利,159516,35435,20465,3153,566,124081
4月15日,意大利,162488,37130,21067,2972,602,125358
4月16日,意大利,165155,38092,21645,2667,578,127063
4月17日,意大利,168941,40164,22170,3786,525,128777
4月18日,意大利,172434,42727,22745,3493,575,129707
4月19日,意大利,175925,44927,23227,3491,482,130998
4月20日,意大利,178972,47055,23660,3047,433,131917
4月21日,意大利,181228,48877,24114,2256,454,132351
4月22日,意大利,183957,51600,24648,2729,534,132357
4月23日,意大利,187327,54543,25085,3370,437,132784
4月24日,意大利,189973,57576,25549,2646,464,132397
4月25日,意大利,192994,60498,25969,3021,420,132496
4月26日,意大利,195351,63120,26384,2357,415,132231
4月27日,意大利,197675,64928,26644,2324,260,132747
4月28日,意大利,199414,66624,26977,1739,333,132790
4月29日,意大利,201505,68941,27359,2091,382,132564
4月30日,意大利,203591,71252,27682,2086,323,132339
5月1日,意大利,205463,75945,27967,1872,285,129518
5月2日,意大利,207428,78249,28236,1965,269,129179
5月3日,意大利,209328,79914,28710,1900,474,129414
5月4日,意大利,210717,81654,28884,1389,174,129063
5月5日,意大利,211938,82879,29079,1221,195,129059
5月6日,意大利,213013,85231,29315,1075,236,127782
5月7日,意大利,214457,93245,29684,1444,369,121212
5月8日,意大利,215858,96276,29958,1401,274,119582
5月9日,意大利,217185,99023,30201,1327,243,118162
5月10日,意大利,218268,103031,30395,1083,194,115237
5月11日,意大利,219070,105186,30560,802,165,113884
5月12日,意大利,219814,106587,30739,744,179,113227
5月13日,意大利,221216,109039,30911,1402,172,112177
5月14日,意大利,222104,112541,31106,888,195,109563
5月15日,意大利,223096,115288,31368,992,262,107808
5月16日,意大利,223885,120205,31610,789,242,103680
5月17日,意大利,224760,122810,31763,875,153,101950
5月18日,意大利,225435,125176,31908,675,145,100259
5月19日,意大利,225886,127326,32007,451,99,98560
5月20日,意大利,226699,129401,32169,813,162,97298
5月21日,意大利,227364,132282,32330,665,161,95082
5月22日,意大利,228006,134560,32486,642,156,93446
5月23日,意大利,228658,136720,32616,652,130,91938
5月24日,意大利,229327,138840,32735,669,119,90487
5月25日,意大利,229858,140479,32785,531,50,89379
5月26日,意大利,230158,141981,32877,300,92,88177
5月27日,意大利,230555,144658,32955,397,78,85897
5月28日,意大利,231139,147101,33072,584,117,84038
5月29日,意大利,231732,150604,33142,593,70,81128
5月30日,意大利,232248,152844,33229,516,87,79404
5月31日,意大利,232664,155633,33340,416,111,77031
6月1日,意大利,232997,157507,33415,333,75,75490
6月2日,意大利,233197,158355,33475,200,60,74842
6月3日,意大利,233515,160092,33530,318,55,73423
6月4日,意大利,233836,160938,33601,321,71,72898
6月5日,意大利,234013,161895,33689,177,88,72118
6月6日,意大利,234531,163781,33774,518,85,70750
6月7日,意大利,234801,165078,33846,270,72,69723
6月8日,意大利,234998,165837,33899,197,53,69161
6月9日,意大利,235278,166584,33964,280,65,68694
6月10日,意大利,235561,168646,34043,283,79,66915
6月11日,意大利,235763,169939,34114,202,71,65824
6月12日,意大利,236142,171338,34167,379,53,64804
6月13日,意大利,236305,173085,34223,163,56,63220
6月14日,意大利,236651,174865,34301,346,78,61786
6月15日,意大利,236989,176370,34345,338,44,60619
6月16日,意大利,237290,177010,34371,301,26,60280
6月17日,意大利,237500,178526,34405,210,34,58974
6月18日,意大利,237828,179455,34448,328,43,58373
6月19日,意大利,238011,180544,34514,183,66,57467
6月20日,意大利,238011,181907,34561,0,47,56104
6月21日,意大利,238275,182453,34610,264,49,55822
6月22日,意大利,238499,182893,34634,224,24,55606
6月23日,意大利,0,0,0,0,0,0
6月24日,意大利,0,0,0,0,0,0
6月25日,意大利,0,0,0,0,0,0
6月26日,意大利,0,0,0,0,0,0
6月27日,意大利,,,,,,
6月28日,意大利,,,,,,
6月29日,意大利,,,,,,
6月30日,意大利,,,,,,
2月1日,法国,6,,0,0,0,6
2月2日,法国,6,,0,0,0,6
2月3日,法国,6,,0,0,0,6
2月4日,法国,6,,0,0,0,6
2月5日,法国,6,,0,0,0,6
2月6日,法国,6,,0,0,0,6
2月7日,法国,6,,0,0,0,6
2月8日,法国,11,,0,5,0,11
2月9日,法国,11,,0,0,0,11
2月10日,法国,11,,0,0,0,11
2月11日,法国,11,,0,0,0,11
2月12日,法国,11,,0,0,0,11
2月13日,法国,11,,0,0,0,11
2月14日,法国,11,,0,0,0,11
2月15日,法国,11,,1,0,1,11
2月16日,法国,11,,1,0,0,11
2月17日,法国,12,,1,1,0,12
2月18日,法国,12,,1,0,0,12
2月19日,法国,12,,1,0,0,12
2月20日,法国,12,,1,0,0,12
2月21日,法国,12,,1,0,0,12
2月22日,法国,12,,1,0,0,12
2月23日,法国,12,,1,0,0,12
2月24日,法国,12,,1,0,0,12
2月25日,法国,12,,1,0,0,12
2月26日,法国,14,,1,2,0,14
2月27日,法国,17,,2,3,1,17
2月28日,法国,38,,2,21,0,38
2月29日,法国,57,,2,19,0,57
3月1日,法国,100,,2,43,0,100
3月2日,法国,130,,2,30,0,130
3月3日,法国,178,,3,48,1,178
3月4日,法国,212,,4,34,1,212
3月5日,法国,285,,4,73,0,285
3月6日,法国,423,,7,138,3,423
3月7日,法国,613,12,9,190,2,601
3月8日,法国,716,12,10,103,1,704
3月9日,法国,1126,12,19,410,9,1114
3月10日,法国,1412,12,30,286,11,1400
3月11日,法国,1784,12,33,372,3,1772
3月12日,法国,2281,12,48,497,15,2269
3月13日,法国,2876,12,61,595,13,2864
3月14日,法国,3661,12,79,785,18,3649
3月15日,法国,4499,12,91,838,12,4487
3月16日,法国,5423,12,127,924,36,5411
3月17日,法国,6633,12,148,1210,21,6621
3月18日,法国,7730,602,175,1097,27,7128
3月19日,法国,9134,602,244,1404,69,8532
3月20日,法国,10995,1295,372,1861,128,9700
3月21日,法国,12612,1587,450,1617,78,11025
3月22日,法国,14459,1587,562,1847,112,12872
3月23日,法国,16018,2200,674,1559,112,13818
3月24日,法国,19856,2200,860,3838,186,17656
3月25日,法国,22302,3281,1100,2446,240,19021
3月26日,法国,25233,3900,1331,2931,231,21333
3月27日,法国,29155,4948,1696,3922,365,24207
3月28日,法国,32964,5700,1995,3809,299,27264
3月29日,法国,37575,5700,2314,4611,319,31875
3月30日,法国,40174,7202,2606,2599,292,32972
3月31日,法国,44550,7927,3024,4376,418,36623
4月1日,法国,52128,9444,3523,7578,499,42684
4月2日,法国,56989,10934,4032,4861,509,46055
4月3日,法国,59105,12428,4503,2116,471,46677
4月4日,法国,64338,14008,6507,5233,2004,50330
4月5日,法国,68605,15438,7560,4267,1053,53167
4月6日,法国,70478,16183,8078,1873,518,54295
4月7日,法国,74390,17250,8911,3912,833,57140
4月8日,法国,78167,19337,10328,3777,1417,58830
4月9日,法国,82048,21254,10869,3881,541,60794
4月10日,法国,86334,23206,12210,4286,1341,63128
4月11日,法国,90676,24932,13197,4342,987,65744
4月12日,法国,93790,26391,13832,3114,635,67399
4月13日,法国,95403,27186,14393,1613,561,68217
4月14日,法国,98076,27718,14967,2673,574,70358
4月15日,法国,103573,28805,15729,5497,762,74768
4月16日,法国,106206,30955,17167,2633,1438,75251
4月17日,法国,108847,32812,17920,2641,753,76035
4月18日,法国,109252,34420,18681,405,761,74832
4月19日,法国,111821,35983,19323,2569,642,75838
4月20日,法国,112606,36578,19718,785,395,76028
4月21日,法国,114657,37409,20265,2051,547,77248
4月22日,法国,117324,39181,20796,2667,531,78143
4月23日,法国,119151,40657,21340,1827,544,78494
4月24日,法国,120804,42088,21856,1653,516,78716
4月25日,法国,122577,43493,22245,1773,389,79084
4月26日,法国,124114,44594,22614,1537,369,79520
4月27日,法国,124575,44903,22856,461,242,79672
4月28日,法国,128339,45513,23293,3764,437,82826
4月29日,法国,129859,46886,23660,1520,367,82973
4月30日,法国,128442,48228,24087,-1417,427,80214
5月1日,法国,129581,49476,24376,1139,289,80105
5月2日,法国,130185,50212,24594,604,218,79973
5月3日,法国,130979,50562,24760,794,166,80417
5月4日,法国,131287,50784,24895,308,135,80503
5月5日,法国,131863,51371,25201,576,306,80492
5月6日,法国,132967,52736,25531,1104,330,80231
5月7日,法国,137150,53972,25809,4183,278,83178
5月8日,法国,137779,55027,25987,629,178,82752
5月9日,法国,138421,55782,26230,642,243,82639
5月10日,法国,138854,56038,26310,433,80,82816
5月11日,法国,139063,56217,26380,209,70,82846
5月12日,法国,139519,56724,26643,456,263,82795
5月13日,法国,140227,57785,26991,708,348,82442
5月14日,法国,140734,58673,27074,507,83,82061
5月15日,法国,141356,59605,27425,622,351,81751
5月16日,法国,141919,60448,27529,563,104,81471
5月17日,法国,142291,61066,27625,372,96,81225
5月18日,法国,142411,61213,27891,120,266,81198
5月19日,法国,142903,61728,28022,492,131,81175
5月20日,法国,143427,62563,28022,524,0,80864
5月21日,法国,143845,63354,28132,418,110,80491
5月22日,法国,144163,63858,28215,318,83,80305
5月23日,法国,144556,64209,28289,393,74,80347
5月24日,法国,144806,64547,28332,250,43,80259
5月25日,法国,144921,64617,28367,115,35,80304
5月26日,法国,145279,65199,28457,358,90,80080
5月27日,法国,145555,65879,28530,276,73,79676
5月28日,法国,145746,66584,28596,191,66,79162
5月29日,法国,149071,67191,28662,3325,66,81880
5月30日,法国,149668,67803,28714,597,52,81865
5月31日,法国,151325,68268,28771,1657,57,83057
6月1日,法国,151325,68355,28802,0,31,82970
6月2日,法国,151325,68440,28833,0,31,82885
6月3日,法国,151325,68812,28940,0,107,82513
6月4日,法国,151677,69455,29021,352,81,82222
6月5日,法国,152444,69976,29065,767,44,82468
6月6日,法国,153055,70504,29111,611,46,82551
6月7日,法国,153634,70806,29142,579,31,82828
6月8日,法国,153977,70842,29155,343,13,83135
6月9日,法国,154188,71062,29209,211,54,83126
6月10日,法国,154591,71506,29296,403,87,83085
6月11日,法国,155136,71832,29319,545,23,83304
6月12日,法国,155561,72149,29346,425,27,83412
6月13日,法国,156287,72572,29374,726,28,83715
6月14日,法国,156813,72808,29398,526,24,84005
6月15日,法国,157220,72859,29407,407,9,84361
6月16日,法国,157372,73044,29436,152,29,84328
6月17日,法国,157716,73335,29547,344,111,84381
6月18日,法国,158174,73667,29575,458,28,84507
6月19日,法国,158641,73887,29603,467,28,84754
6月20日,法国,159452,74117,29617,811,14,85335
6月21日,法国,160093,74312,29633,641,16,85781
6月22日,法国,160377,74372,29640,284,7,86005
6月23日,法国,0,0,0,0,0,0
6月24日,法国,0,0,0,0,0,0
6月25日,法国,0,0,0,0,0,0
6月26日,法国,0,0,0,0,0,0
6月27日,法国,,,,,,
6月28日,法国,,,,,,
6月29日,法国,,,,,,
6月30日,法国,,,,,,
2月1日,德国,7,,0,,0,7
2月2日,德国,8,,0,1,0,8
2月3日,德国,10,,0,2,0,10
2月4日,德国,12,,0,2,0,12
2月5日,德国,12,,0,0,0,12
2月6日,德国,12,,0,0,0,12
2月7日,德国,13,,0,1,0,13
2月8日,德国,14,,0,1,0,14
2月9日,德国,14,,0,0,0,14
2月10日,德国,14,,0,0,0,14
2月11日,德国,14,,0,0,0,14
2月12日,德国,16,,0,2,0,16
2月13日,德国,16,,0,0,0,16
2月14日,德国,16,,0,0,0,16
2月15日,德国,16,,0,0,0,16
2月16日,德国,16,,0,0,0,16
2月17日,德国,16,,0,0,0,16
2月18日,德国,16,,0,0,0,16
2月19日,德国,16,,0,0,0,16
2月20日,德国,16,,0,0,0,16
2月21日,德国,16,,0,0,0,16
2月22日,德国,16,,0,0,0,16
2月23日,德国,16,,0,0,0,16
2月24日,德国,16,,0,0,0,16
2月25日,德国,16,,0,0,0,16
2月26日,德国,18,,0,2,0,18
2月27日,德国,21,,0,3,0,21
2月28日,德国,26,,0,5,0,26
2月29日,德国,57,,0,31,0,57
3月1日,德国,57,,0,0,0,57
3月2日,德国,129,,0,72,0,129
3月3日,德国,157,,0,28,0,157
3月4日,德国,196,,0,39,0,196
3月5日,德国,262,,0,66,0,262
3月6日,德国,534,,0,272,0,534
3月7日,德国,670,17,0,136,0,653
3月8日,德国,800,18,0,130,0,782
3月9日,德国,1040,18,0,240,0,1022
3月10日,德国,1224,18,2,184,2,1206
3月11日,德国,1565,18,2,341,0,1547
3月12日,德国,1908,25,3,343,1,1883
3月13日,德国,2745,25,6,837,3,2720
3月14日,德国,3675,46,8,930,2,3629
3月15日,德国,4599,46,9,924,1,4553
3月16日,德国,5813,46,11,1214,2,5767
3月17日,德国,7241,65,15,1428,4,7176
3月18日,德国,9367,67,26,2126,11,9300
3月19日,德国,12327,105,28,2960,2,12222
3月20日,德国,15320,115,44,2993,16,15205
3月21日,德国,19848,180,70,4528,26,19668
3月22日,德国,22364,209,84,2516,14,22155
3月23日,德国,24852,266,94,2488,10,24586
3月24日,德国,29056,453,123,4204,29,28603
3月25日,德国,32986,3243,157,3930,34,29743
3月26日,德国,37323,3547,206,4337,49,33776
3月27日,德国,43646,5673,262,6323,56,37973
3月28日,德国,50871,6658,342,7225,80,44213
3月29日,德国,57695,8481,433,6824,91,49214
3月30日,德国,62095,9211,525,4400,92,52884
3月31日,德国,66711,13500,645,4616,120,53211
4月1日,德国,71690,16100,774,4979,129,55590
4月2日,德国,77921,18700,925,6231,151,59221
4月3日,德国,84788,22440,1107,6867,182,62348
4月4日,德国,91159,24575,1275,6371,168,66584
4月5日,德国,96092,26400,1444,4933,169,69692
4月6日,德国,100024,28700,1576,3932,132,71324
4月7日,德国,102453,28700,1735,2429,159,73753
4月8日,德国,107663,36081,2016,5210,281,71582
4月9日,德国,112113,36081,2208,4450,192,76032
4月10日,德国,116801,52407,2529,4688,321,64394
4月11日,德国,121045,53913,2728,4244,199,67132
4月12日,德国,124288,57400,2736,3243,8,66888
4月13日,德国,127574,60300,3011,3286,275,67274
4月14日,德国,129207,64300,3118,1633,107,64907
4月15日,德国,131359,68200,3294,2152,176,63159
4月16日,德国,133456,72600,3592,2097,298,60856
4月17日,德国,137698,77000,4052,4242,460,60698
4月18日,德国,140886,83114,4326,3188,274,57772
4月19日,德国,143342,85400,4459,2456,133,57942
4月20日,德国,145184,88000,4586,1842,127,57184
4月21日,德国,146653,91500,4706,1469,120,55153
4月22日,德国,148291,95200,5033,1638,327,53091
4月23日,德国,150062,99400,5250,1771,217,50662
4月24日,德国,151784,103300,5404,1722,154,48484
4月25日,德国,154545,106800,5723,2761,319,47745
4月26日,德国,156126,109800,5846,1581,123,46326
4月27日,德国,157495,112000,5944,1369,98,45495
4月28日,德国,158389,114500,6050,894,106,43889
4月29日,德国,159431,117400,6215,1042,165,42031
4月30日,德国,161197,120400,6405,1766,190,40797
5月1日,德国,162530,123500,6572,1333,167,39030
5月2日,德国,164077,126900,6736,1547,164,37177
5月3日,德国,164967,129000,6812,890,76,35967
5月4日,德国,165565,130600,6848,598,36,34965
5月5日,德国,165940,132700,6943,375,95,33240
5月6日,德国,166706,135100,6993,766,50,31606
5月7日,德国,168162,137696,7275,1456,282,30466
5月8日,德国,169430,139900,7392,1268,117,29530
5月9日,德国,170588,141700,7510,1158,118,28888
5月10日,德国,171324,143300,7549,736,39,28024
5月11日,德国,171780,144400,7560,456,11,27380
5月12日,德国,172517,145600,7653,737,93,26917
5月13日,德国,173171,147200,7738,654,85,25971
5月14日,德国,174098,148700,7859,927,121,25398
5月15日,德国,174975,150300,7928,877,69,24675
5月16日,德国,175678,151700,7999,703,71,23978
5月17日,德国,176081,152600,8019,403,20,23481
5月18日,德国,176625,153400,8048,544,29,23225
5月19日,德国,177289,154600,8123,664,75,22689
5月20日,德国,177827,155700,8193,538,70,22127
5月21日,德国,178494,156900,8265,667,72,21594
5月22日,德国,179021,158000,8309,527,44,21021
5月23日,德国,179713,159000,8352,692,43,20713
5月24日,德国,179986,159900,8366,273,14,20086
5月25日,德国,180328,160200,8371,342,5,20128
5月26日,德国,180789,161200,8428,461,57,19589
5月27日,德国,181288,162000,8498,499,70,19288
5月28日,德国,181895,162800,8533,607,35,19095
5月29日,德国,182452,163200,8570,557,37,19252
5月30日,德国,183019,164100,8594,567,24,18919
5月31日,德国,183294,164900,8600,275,6,18394
6月1日,德国,183494,165200,8605,200,5,18294
6月2日,德国,183765,165900,8618,271,13,17865
6月3日,德国,184064,166400,8649,299,31,17664
6月4日,德国,184396,167300,8698,332,49,17096
6月5日,德国,184923,167800,8736,527,38,17123
6月6日,德国,185414,168500,8763,491,27,16914
6月7日,德国,185696,168900,8769,282,6,16796
6月8日,德国,185869,169100,8776,173,7,16769
6月9日,德国,186205,169600,8783,336,7,16605
6月10日,德国,186516,170200,8831,311,48,16316
6月11日,德国,186795,170700,8844,279,13,16095
6月12日,德国,186795,171200,8851,0,7,15595
6月13日,德国,187251,171600,8863,456,12,15651
6月14日,德国,187423,171900,8867,172,4,15523
6月15日,德国,187671,172200,8870,248,3,15471
6月16日,德国,188044,172600,8885,373,15,15444
6月17日,德国,188382,173100,8910,338,25,15282
6月18日,德国,189504,173600,8927,1122,17,15904
6月19日,德国,190050,174100,8944,546,17,15950
6月20日,德国,190660,174400,8960,610,16,16260
6月21日,德国,191216,174700,8961,556,1,16516
6月22日,德国,191575,174900,8962,359,1,16675
6月23日,德国,0,0,0,0,0,0
6月24日,德国,0,0,0,0,0,0
6月25日,德国,0,0,0,0,0,0
6月26日,德国,0,0,0,0,0,0
6月27日,德国,,,,,,
6月28日,德国,,,,,,
6月29日,德国,,,,,,
6月30日,德国,,,,,,
2月1日,英国,2,,0,,0,2
2月2日,英国,2,,0,0,0,2
2月3日,英国,2,,0,0,0,2
2月4日,英国,2,,0,0,0,2
2月5日,英国,2,,0,0,0,2
2月6日,英国,2,,0,0,0,2
2月7日,英国,3,,0,1,0,3
2月8日,英国,3,,0,0,0,3
2月9日,英国,3,,0,0,0,3
2月10日,英国,4,,0,1,0,4
2月11日,英国,8,,0,4,0,8
2月12日,英国,8,,0,0,0,8
2月13日,英国,9,,0,1,0,9
2月14日,英国,9,,0,0,0,9
2月15日,英国,9,,0,0,0,9
2月16日,英国,9,,0,0,0,9
2月17日,英国,9,,0,0,0,9
2月18日,英国,9,,0,0,0,9
2月19日,英国,9,,0,0,0,9
2月20日,英国,9,,0,0,0,9
2月21日,英国,9,,0,0,0,9
2月22日,英国,9,,0,0,0,9
2月23日,英国,9,,0,0,0,9
2月24日,英国,9,,0,0,0,9
2月25日,英国,13,,0,4,0,13
2月26日,英国,13,,0,0,0,13
2月27日,英国,13,,0,0,0,13
2月28日,英国,16,,0,3,0,16
2月29日,英国,20,,0,4,0,20
3月1日,英国,23,,0,3,0,23
3月2日,英国,36,,0,13,0,36
3月3日,英国,39,,0,3,0,39
3月4日,英国,51,,0,12,0,51
3月5日,英国,89,,0,38,0,89
3月6日,英国,118,,0,29,0,118
3月7日,英国,164,18,2,46,2,146
3月8日,英国,209,18,2,45,0,191
3月9日,英国,273,18,3,64,1,255
3月10日,英国,321,18,5,48,2,303
3月11日,英国,383,18,6,62,1,365
3月12日,英国,456,18,8,73,2,438
3月13日,英国,590,18,10,134,2,572
3月14日,英国,798,18,11,208,1,780
3月15日,英国,1140,18,21,342,10,1122
3月16日,英国,1391,20,35,251,14,1371
3月17日,英国,1543,52,55,152,20,1491
3月18日,英国,1950,65,71,407,16,1885
3月19日,英国,2626,65,104,676,33,2561
3月20日,英国,3269,65,144,643,40,3204
3月21日,英国,3983,65,177,714,33,3918
3月22日,英国,5018,93,233,1035,56,4925
3月23日,英国,5683,93,281,665,48,5590
3月24日,英国,6650,135,335,967,54,6515
3月25日,英国,8077,135,422,1427,87,7942
3月26日,英国,9529,135,465,1452,43,9394
3月27日,英国,11658,135,578,2129,113,11523
3月28日,英国,14543,135,759,2885,181,14408
3月29日,英国,17089,135,1019,2546,260,16954
3月30日,英国,19522,135,1228,2433,209,19387
3月31日,英国,22141,135,1408,2619,180,22006
4月1日,英国,25150,135,1789,3009,381,25015
4月2日,英国,29474,135,2352,4324,563,29339
4月3日,英国,33718,135,2921,4244,569,33583
4月4日,英国,38168,135,3605,4450,684,38033
4月5日,英国,41903,135,4313,3735,708,41768
4月6日,英国,47806,135,4934,5903,621,47671
4月7日,英国,51608,135,5373,3802,439,51473
4月8日,英国,55242,135,6159,3634,786,55107
4月9日,英国,60733,135,7097,5491,938,60598
4月10日,英国,65077,135,7978,4344,881,64942
4月11日,英国,73758,135,8958,8681,980,73623
4月12日,英国,78991,344,9875,5233,917,78647
4月13日,英国,84279,344,10612,5288,737,83935
4月14日,英国,88621,N/A,11329,4342,717,#VALUE!
4月15日,英国,93873,N/A,12107,5252,778,#VALUE!
4月16日,英国,98476,N/A,12868,4603,761,#VALUE!
4月17日,英国,103093,N/A,13729,4617,861,#VALUE!
4月18日,英国,108692,N/A,14576,5599,847,#VALUE!
4月19日,英国,114217,N/A,15464,5525,888,#VALUE!
4月20日,英国,120067,N/A,16060,5850,596,#VALUE!
4月21日,英国,124743,N/A,16509,4676,449,#VALUE!
4月22日,英国,129044,N/A,17337,4301,828,#VALUE!
4月23日,英国,133495,N/A,18100,4451,763,#VALUE!
4月24日,英国,138078,N/A,18738,4583,638,#VALUE!
4月25日,英国,143464,N/A,19506,5386,768,#VALUE!
4月26日,英国,148377,N/A,20319,4913,813,#VALUE!
4月27日,英国,152840,N/A,20732,4463,413,#VALUE!
4月28日,英国,157149,N/A,21092,4309,360,#VALUE!
4月29日,英国,161145,N/A,21678,3996,586,#VALUE!
4月30日,英国,165221,N/A,26097,4076,4419,#VALUE!
5月1日,英国,171253,N/A,26771,6032,674,#VALUE!
5月2日,英国,177454,N/A,27510,6201,739,#VALUE!
5月3日,英国,182260,N/A,28131,4806,621,#VALUE!
5月4日,英国,186599,N/A,28446,4339,315,#VALUE!
5月5日,英国,190584,N/A,28734,3985,288,#VALUE!
5月6日,英国,194990,N/A,29427,4406,693,#VALUE!
5月7日,英国,201101,N/A,30076,6111,649,#VALUE!
5月8日,英国,206715,N/A,30615,5614,539,#VALUE!
5月9日,英国,211364,N/A,31241,4649,626,#VALUE!
5月10日,英国,215260,N/A,31587,3896,346,#VALUE!
5月11日,英国,219183,N/A,31855,3923,268,#VALUE!
5月12日,英国,223060,N/A,32065,3877,210,#VALUE!
5月13日,英国,226463,N/A,32692,3403,627,#VALUE!
5月14日,英国,229705,N/A,33186,3242,494,#VALUE!
5月15日,英国,233151,N/A,33614,3446,428,#VALUE!
5月16日,英国,236711,N/A,33998,3560,384,#VALUE!
5月17日,英国,240161,N/A,34466,3450,468,#VALUE!
5月18日,英国,243695,N/A,34636,3534,170,#VALUE!
5月19日,英国,246406,N/A,34796,2711,160,#VALUE!
5月20日,英国,248293,N/A,35341,1887,545,#VALUE!
5月21日,英国,250332,N/A,35704,2039,363,#VALUE!
5月22日,英国,252947,N/A,36042,2615,338,#VALUE!
5月23日,英国,256234,N/A,36393,3287,351,#VALUE!
5月24日,英国,259193,N/A,36675,2959,282,#VALUE!
5月25日,英国,261598,N/A,36793,2405,118,#VALUE!
5月26日,英国,263223,N/A,36914,1625,121,#VALUE!
5月27日,英国,265227,N/A,37048,2004,134,#VALUE!
5月28日,英国,267240,N/A,37460,2013,412,#VALUE!
5月29日,英国,269127,N/A,37837,1887,377,#VALUE!
5月30日,英国,271222,N/A,38161,2095,324,#VALUE!
5月31日,英国,272826,N/A,38376,1604,215,#VALUE!
6月1日,英国,274762,N/A,38489,1936,113,#VALUE!
6月2日,英国,276332,N/A,39045,1570,556,#VALUE!
6月3日,英国,277985,0,39369,1653,324,277985
6月4日,英国,279856,0,39728,1871,359,279856
6月5日,英国,281661,0,39904,1805,176,281661
6月6日,英国,283311,0,40261,1650,357,283311
6月7日,英国,284868,0,40465,1557,204,284868
6月8日,英国,286194,0,40542,1326,77,286194
6月9日,英国,287399,N/A,40597,1205,55,#VALUE!
6月10日,英国,289140,N/A,40883,1741,286,#VALUE!
6月11日,英国,290143,N/A,41128,1003,245,#VALUE!
6月12日,英国,291409,N/A,41279,1266,151,#VALUE!
6月13日,英国,292950,N/A,41481,1541,202,#VALUE!
6月14日,英国,294375,N/A,41662,1425,181,#VALUE!
6月15日,英国,295889,N/A,41698,1514,36,#VALUE!
6月16日,英国,296857,N/A,41736,968,38,#VALUE!
6月17日,英国,298136,N/A,41969,1279,233,#VALUE!
6月18日,英国,299251,N/A,42153,1115,184,#VALUE!
6月19日,英国,300469,N/A,42288,1218,135,#VALUE!
6月20日,英国,301815,N/A,42461,1346,173,#VALUE!
6月21日,英国,303110,N/A,42589,1295,128,#VALUE!
6月22日,英国,304331,N/A,42632,1221,43,#VALUE!
6月23日,英国,0,0,0,0,0,0
6月24日,英国,0,0,0,0,0,0
6月25日,英国,0,0,0,0,0,0
6月26日,英国,0,0,0,0,0,0
6月27日,英国,,,,,,
6月28日,英国,,,,,,
6月29日,英国,,,,,,
6月30日,英国,,,,,,
2月1日,中国,9723,171,213,,,9552
2月2日,中国,11824,243,259,2101,46,11581
2月3日,中国,14413,328,304,2589,45,14085
2月4日,中国,17244,475,362,2831,58,16769
2月5日,中国,20480,632,426,3236,64,19848
2月6日,中国,24374,894,491,3894,65,23480
2月7日,中国,28070,1155,564,3696,73,26915
2月8日,中国,31214,1542,637,3144,73,29672
2月9日,中国,34610,2052,723,3396,86,32558
2月10日,中国,37268,2651,812,2658,89,34617
2月11日,中国,40248,3283,909,2980,97,36965
2月12日,中国,42716,4000,1017,2468,108,38716
2月13日,中国,44734,4745,1114,2018,97,39989
2月14日,中国,59888,5647,1260,15154,146,54241
2月15日,中国,63935,6729,1381,4047,121,57206
2月16日,中国,66579,8105,1525,2644,144,58474
2月17日,中国,68592,9428,1667,2013,142,59164
2月18日,中国,70642,10862,1772,2050,105,59780
2月19日,中国,72535,12565,1871,1893,99,59970
2月20日,中国,74287,14389,2007,1752,136,59898
2月21日,中国,74680,16171,2121,393,114,58509
2月22日,中国,75996,18285,2239,1316,118,57711
2月23日,中国,76400,20682,2348,404,109,55718
2月24日,中国,76862,22918,2445,462,97,53944
2月25日,中国,77276,24764,2595,414,150,52512
2月26日,中国,77791,27359,2666,515,71,50432
2月27日,中国,78199,29785,2718,408,52,48414
2月28日,中国,78635,32542,2747,436,29,46093
2月29日,中国,78968,36167,2791,333,44,42801
3月1日,中国,79399,39058,2838,431,47,40341
3月2日,中国,79975,41681,2873,576,35,38294
3月3日,中国,80178,44520,2915,203,42,35658
3月4日,中国,80307,47268,2946,129,31,33039
3月5日,中国,80428,49923,2984,121,38,30505
3月6日,中国,80571,52118,3015,143,31,28453
3月7日,中国,80714,53804,3045,143,30,26910
3月8日,中国,80820,55488,3074,106,29,25332
3月9日,中国,80865,57149,3101,45,27,23716
3月10日,中国,80906,58684,3123,41,22,22222
3月11日,中国,80939,60210,3140,33,17,20729
3月12日,中国,80974,61704,3162,35,22,19270
3月13日,中国,80985,62948,3173,11,11,18037
3月14日,中国,81009,64259,3182,24,9,16750
3月15日,中国,81028,65689,3194,19,12,15339
3月16日,中国,81070,67045,3204,42,10,14025
3月17日,中国,81113,67930,3218,43,14,13183
3月18日,中国,81139,68835,3231,26,13,12304
3月19日,中国,81204,69739,3242,65,11,11465
3月20日,中国,81261,70554,3250,57,8,10707
3月21日,中国,81451,71876,3261,190,11,9575
3月22日,中国,81452,71876,3261,1,0,9576
3月23日,中国,81562,72578,3267,110,6,8984
3月24日,中国,81669,72841,3276,107,9,8828
3月25日,中国,81801,73300,3283,132,7,8501
3月26日,中国,81893,73791,3287,92,4,8102
3月27日,中国,82021,74200,3293,128,6,7821
3月28日,中国,82159,74739,3298,138,5,7420
3月29日,中国,82271,75123,3301,112,3,7148
3月30日,中国,82415,75615,3306,144,5,6800
3月31日,中国,82456,75867,3313,41,7,6589
4月1日,中国,82595,76229,3314,139,1,6366
4月2日,中国,82689,76440,3321,94,7,6249
4月3日,中国,82771,76622,3327,82,6,6149
4月4日,中国,82855,76804,3331,84,4,6051
4月5日,中国,82899,76988,3335,44,4,5911
4月6日,中国,82966,77234,3338,67,3,5732
4月7日,中国,83040,77361,3340,74,2,5679
4月8日,中国,83096,77474,3340,56,0,5622
4月9日,中国,83187,77620,3342,91,2,5567
4月10日,中国,83264,77753,3344,77,2,5511
4月11日,中国,83324,77865,3346,60,2,5459
4月12日,中国,83384,77970,3349,60,3,5414
4月13日,中国,83490,78054,3349,106,0,5436
4月14日,中国,83608,78184,3351,118,2,5424
4月15日,中国,83700,78306,3351,92,0,5394
4月16日,中国,83752,78427,3352,52,1,5325
4月17日,中国,83799,78548,3352,47,0,5251
4月18日,中国,84154,78659,4642,355,1290,5495
4月19日,中国,84186,77791,4642,32,0,6395
4月20日,中国,84226,77870,4642,40,0,6356
4月21日,中国,84240,77939,4642,14,0,6301
4月22日,中国,84258,78014,4642,18,0,6244
4月23日,中国,84293,78091,4642,35,0,6202
4月24日,中国,84306,78186,4642,13,0,6120
4月25日,中国,84313,78247,4642,7,0,6066
4月26日,中国,84328,78401,4642,15,0,5927
4月27日,中国,84339,78459,4642,11,0,5880
4月28日,中国,84342,78583,4643,3,1,5759
4月29日,中国,84348,78705,4643,6,0,5643
4月30日,中国,84370,78753,4643,22,0,5617
5月1日,中国,84374,78813,4643,4,0,5561
5月2日,中国,84388,78862,4643,14,0,5526
5月3日,中国,84392,78910,4643,4,0,5482
5月4日,中国,84394,78963,4643,2,0,5431
5月5日,中国,84404,79039,4643,10,0,5365
5月6日,中国,84405,79146,4643,1,0,5259
5月7日,中国,84408,79221,4643,3,0,5187
5月8日,中国,84415,79288,4643,7,0,5127
5月9日,中国,84416,79348,4643,1,0,5068
5月10日,中国,84417,79414,4643,1,0,5003
5月11日,中国,84434,79508,4643,17,0,4926
5月12日,中国,84451,79537,4644,17,1,4914
5月13日,中国,84452,79576,4644,1,0,4876
5月14日,中国,84462,79615,4644,10,0,4847
5月15日,中国,84466,79630,4644,4,0,4836
5月16日,中国,84471,79658,4644,5,0,4813
5月17日,中国,84479,79673,4644,8,0,4806
5月18日,中国,84488,79689,4644,9,0,4799
5月19日,中国,84495,79705,4645,7,1,4790
5月20日,中国,84501,79712,4645,6,0,4789
5月21日,中国,84506,79717,4645,5,0,4789
5月22日,中国,84517,79730,4645,11,0,4787
5月23日,中国,84523,79737,4645,6,0,4786
5月24日,中国,84523,79743,4645,0,0,4780
5月25日,中国,84526,79750,4645,3,0,4776
5月26日,中国,84537,79758,4645,11,0,4779
5月27日,中国,84544,79771,4645,7,0,4773
5月28日,中国,84546,79778,4645,2,0,4768
5月29日,中国,84548,79788,4645,2,0,4760
5月30日,中国,84562,79791,4645,14,0,4771
5月31日,中国,84569,79804,4645,7,0,4765
6月1日,中国,84573,79809,4645,4,0,4764
6月2日,中国,84593,79816,4645,20,0,4777
6月3日,中国,84603,79825,4645,10,0,4778
6月4日,中国,84603,79826,4645,0,0,4777
6月5日,中国,84609,79833,4645,6,0,4776
6月6日,中国,84618,79846,4645,9,0,4772
6月7日,中国,84624,79851,4645,6,0,4773
6月8日,中国,84631,79856,4645,7,0,4775
6月9日,中国,84636,79865,4645,5,0,4771
6月10日,中国,84639,79875,4645,3,0,4764
6月11日,中国,84642,79884,4645,3,0,4758
6月12日,中国,84653,79892,4645,11,0,4761
6月13日,中国,84661,79901,4645,8,0,4760
6月14日,中国,84673,79904,4645,12,0,4769
6月15日,中国,84730,79912,4645,57,0,4818
6月16日,中国,84784,79915,4645,54,0,4869
6月17日,中国,84824,79922,4645,40,0,4902
6月18日,中国,84876,79929,4645,52,0,4947
6月19日,中国,84905,79944,4645,29,0,4961
6月20日,中国,84944,79951,4645,39,0,4993
6月21日,中国,84972,79966,4646,28,1,5006
6月22日,中国,85001,79970,4646,29,0,5031
6月23日,中国,0,0,0,0,0,0
6月24日,中国,0,0,0,0,0,0
6月25日,中国,0,0,0,0,0,0
6月26日,中国,0,0,0,0,0,0
6月27日,中国,,,,,,
6月28日,中国,,,,,,
6月29日,中国,,,,,,
6月30日,中国,,,,,,
2月1日,伊朗,0,,0,0,0,0
2月2日,伊朗,0,,0,0,0,0
2月3日,伊朗,0,,0,0,0,0
2月4日,伊朗,0,,0,0,0,0
2月5日,伊朗,0,,0,0,0,0
2月6日,伊朗,0,,0,0,0,0
2月7日,伊朗,0,,0,0,0,0
2月8日,伊朗,0,,0,0,0,0
2月9日,伊朗,0,,0,0,0,0
2月10日,伊朗,0,,0,0,0,0
2月11日,伊朗,0,,0,0,0,0
2月12日,伊朗,0,,0,0,0,0
2月13日,伊朗,0,,0,0,0,0
2月14日,伊朗,0,,0,0,0,0
2月15日,伊朗,0,,0,0,0,0
2月16日,伊朗,0,,0,0,0,0
2月17日,伊朗,0,,0,0,0,0
2月18日,伊朗,0,,0,0,0,0
2月19日,伊朗,0,,0,0,0,0
2月20日,伊朗,2,,2,2,2,2
2月21日,伊朗,5,,2,3,0,5
2月22日,伊朗,18,,4,13,2,18
2月23日,伊朗,28,,5,10,1,28
2月24日,伊朗,43,,8,15,3,43
2月25日,伊朗,61,,12,18,4,61
2月26日,伊朗,95,,15,34,3,95
2月27日,伊朗,141,,22,46,7,141
2月28日,伊朗,245,,26,104,4,245
2月29日,伊朗,388,,34,143,8,388
3月1日,伊朗,593,,43,205,9,593
3月2日,伊朗,978,,54,385,11,978
3月3日,伊朗,1501,,66,523,12,1501
3月4日,伊朗,2336,,77,835,11,2336
3月5日,伊朗,2922,,92,586,15,2922
3月6日,伊朗,3513,,107,591,15,3513
3月7日,伊朗,4747,913,124,1234,17,3834
3月8日,伊朗,5823,1669,145,1076,21,4154
3月9日,伊朗,6566,2134,194,743,49,4432
3月10日,伊朗,7161,2394,237,595,43,4767
3月11日,伊朗,8042,2731,291,881,54,5311
3月12日,伊朗,9000,2959,354,958,63,6041
3月13日,伊朗,10075,3276,429,1075,75,6799
3月14日,伊朗,11364,3529,514,1289,85,7835
3月15日,伊朗,12729,4339,611,1365,97,8390
3月16日,伊朗,13938,4590,724,1209,113,9348
3月17日,伊朗,14991,4590,853,1053,129,10401
3月18日,伊朗,16169,5389,988,1178,135,10780
3月19日,伊朗,17361,5710,1135,1192,147,11651
3月20日,伊朗,18407,5979,1284,1046,149,12428
3月21日,伊朗,19644,7635,1556,1237,272,12009
3月22日,伊朗,20610,7635,1556,966,0,12975
3月23日,伊朗,21638,7635,1685,1028,129,14003
3月24日,伊朗,23049,8376,1812,1411,127,14673
3月25日,伊朗,24811,8913,1934,1762,122,15898
3月26日,伊朗,27017,9625,2077,2206,143,17392
3月27日,伊朗,29406,10457,2234,2389,157,18949
3月28日,伊朗,32332,11133,2378,2926,144,21199
3月29日,伊朗,35408,11679,2517,3076,139,23729
3月30日,伊朗,38309,12391,2640,2901,123,25918
3月31日,伊朗,41495,13911,2757,3186,117,27584
4月1日,伊朗,44605,14656,2898,3110,141,29949
4月2日,伊朗,47593,15473,3036,2988,138,32120
4月3日,伊朗,50468,16711,3160,2875,124,33757
4月4日,伊朗,53183,17935,3294,2715,134,35248
4月5日,伊朗,55743,19736,3452,2560,158,36007
4月6日,伊朗,58226,19736,3603,2483,151,38490
4月7日,伊朗,60500,24236,3739,2274,136,36264
4月8日,伊朗,62589,27039,3872,2089,133,35550
4月9日,伊朗,64586,29812,3993,1997,121,34774
4月10日,伊朗,66220,32309,4110,1634,117,33911
4月11日,伊朗,68192,35465,4232,1972,122,32727
4月12日,伊朗,70029,41947,4357,1837,125,28082
4月13日,伊朗,71686,43894,4474,1657,117,27792
4月14日,伊朗,73303,45983,4585,1617,111,27320
4月15日,伊朗,74877,48129,4683,1574,98,26748
4月16日,伊朗,76389,49933,4777,1512,94,26456
4月17日,伊朗,77995,52229,4869,1606,92,25766
4月18日,伊朗,79494,54064,4958,1499,89,25430
4月19日,伊朗,80868,55987,5031,1374,73,24881
4月20日,伊朗,82211,57023,5118,1343,87,25188
4月21日,伊朗,83505,59273,5209,1294,91,24232
4月22日,伊朗,84802,60965,5297,1297,88,23837
4月23日,伊朗,85996,63113,5391,1194,94,22883
4月24日,伊朗,87026,64843,5481,1030,90,22183
4月25日,伊朗,88194,66599,5574,1168,93,21595
4月26日,伊朗,89328,68193,5650,1134,76,21135
4月27日,伊朗,90481,69657,5710,1153,60,20824
4月28日,伊朗,91472,70933,5806,991,96,20539
4月29日,伊朗,92584,72439,5877,1112,71,20145
4月30日,伊朗,93657,73791,5957,1073,80,19866
5月1日,伊朗,94640,75103,6028,983,71,19537
5月2日,伊朗,95646,76318,6091,1006,63,19328
5月3日,伊朗,96448,77350,6156,802,65,19098
5月4日,伊朗,97424,78422,6203,976,47,19002
5月5日,伊朗,98647,79379,6277,1223,74,19268
5月6日,伊朗,99970,80475,6340,1323,63,19495
5月7日,伊朗,101650,81587,6418,1680,78,20063
5月8日,伊朗,103135,82744,6486,1485,68,20391
5月9日,伊朗,104691,83837,6541,1556,55,20854
5月10日,伊朗,106220,85064,6589,1529,48,21156
5月11日,伊朗,107602,86143,6640,1383,51,21459
5月12日,伊朗,109286,87422,6685,1683,45,21864
5月13日,伊朗,110767,88357,6733,1481,48,22410
5月14日,伊朗,112725,89428,6783,1958,50,23297
5月15日,伊朗,114533,90539,6854,1808,71,23994
5月16日,伊朗,116635,91836,6902,2102,48,24799
5月17日,伊朗,118392,93147,6937,1757,35,25245
5月18日,伊朗,120198,94464,6988,1806,51,25734
5月19日,伊朗,122492,95661,7057,2294,69,26831
5月20日,伊朗,124603,97173,7119,2111,62,27430
5月21日,伊朗,126949,98808,7183,2346,64,28141
5月22日,伊朗,129341,100564,7249,2392,66,28777
5月23日,伊朗,131652,102276,7300,2311,51,29376
5月24日,伊朗,133521,104072,7359,1869,59,29449
5月25日,伊朗,135701,105801,7417,2180,58,29900
5月26日,伊朗,137724,107713,7451,2023,34,30011
5月27日,伊朗,139511,109437,7508,1787,57,30074
5月28日,伊朗,141591,111176,7564,2080,56,30415
5月29日,伊朗,143849,112988,7627,2258,63,30861
5月30日,伊朗,146668,114931,7677,2819,50,31737
5月31日,伊朗,148950,116827,7734,2282,57,32123
6月1日,伊朗,151466,118848,7797,2516,63,32618
6月2日,伊朗,154445,121004,7878,2979,81,33441
6月3日,伊朗,157562,123077,7942,3117,64,34485
6月4日,伊朗,160696,125206,8012,3134,70,35490
6月5日,伊朗,164270,127485,8071,3574,59,36785
6月6日,伊朗,167156,129741,8134,2886,63,37415
6月7日,伊朗,169425,132038,8209,2269,75,37387
6月8日,伊朗,171789,134349,8281,2364,72,37440
6月9日,伊朗,173832,136360,8351,2043,70,37472
6月10日,伊朗,175927,138457,8425,2095,74,37470
6月11日,伊朗,177938,140590,8506,2011,81,37348
6月12日,伊朗,180156,142663,8584,2218,78,37493
6月13日,伊朗,182525,144649,8659,2369,75,37876
6月14日,伊朗,184955,146748,8730,2430,71,38207
6月15日,伊朗,187427,148674,8837,2472,107,38753
6月16日,伊朗,189876,150590,8950,2449,113,39286
6月17日,伊朗,192439,152675,9065,2563,115,39764
6月18日,伊朗,195051,154812,9185,2612,120,40239
6月19日,伊朗,197647,156991,9272,2596,87,40656
6月20日,伊朗,200262,159192,9392,2615,120,41070
6月21日,伊朗,202584,161384,9507,2322,115,41200
6月22日,伊朗,204952,163591,9623,2368,116,41361
6月23日,伊朗,0,0,0,0,0,0
6月24日,伊朗,0,0,0,0,0,0
6月25日,伊朗,0,0,0,0,0,0
6月26日,伊朗,0,0,0,0,0,0
6月27日,伊朗,,,,,,
6月28日,伊朗,,,,,,
6月29日,伊朗,,,,,,
6月30日,伊朗,,,,,,
2月1日,加拿大,,,,,,0
2月2日,加拿大,,,,,,0
2月3日,加拿大,,,,,,0
2月4日,加拿大,,,,,,0
2月5日,加拿大,,,,,,0
2月6日,加拿大,,,,,,0
2月7日,加拿大,,,,,,0
2月8日,加拿大,,,,,,0
2月9日,加拿大,,,,,,0
2月10日,加拿大,,,,,,0
2月11日,加拿大,,,,,,0
2月12日,加拿大,,,,,,0
2月13日,加拿大,,,,,,0
2月14日,加拿大,,,,,,0
2月15日,加拿大,,,,,,0
2月16日,加拿大,,,,,,0
2月17日,加拿大,,,,,,0
2月18日,加拿大,,,,,,0
2月19日,加拿大,,,,,,0
2月20日,加拿大,,,,,,0
2月21日,加拿大,,,,,,0
2月22日,加拿大,,,,,,0
2月23日,加拿大,,,,,,0
2月24日,加拿大,,,,,,0
2月25日,加拿大,,,,,,0
2月26日,加拿大,,,,,,0
2月27日,加拿大,,,,,,0
2月28日,加拿大,,,,,,0
2月29日,加拿大,,,,,,0
3月1日,加拿大,,,,,,0
3月2日,加拿大,,,,,,0
3月3日,加拿大,,,,,,0
3月4日,加拿大,,,,,,0
3月5日,加拿大,,,,,,0
3月6日,加拿大,,,,,,0
3月7日,加拿大,52,8,,15,,44
3月8日,加拿大,60,8,,8,,52
3月9日,加拿大,64,8,,4,,56
3月10日,加拿大,77,8,1,13,1,69
3月11日,加拿大,94,8,1,17,0,86
3月12日,加拿大,109,9,1,15,0,100
3月13日,加拿大,142,11,1,33,0,131
3月14日,加拿大,179,11,1,37,0,168
3月15日,加拿大,247,11,1,68,0,236
3月16日,加拿大,341,11,1,94,0,330
3月17日,加拿大,422,11,4,81,3,411
3月18日,加拿大,598,12,8,176,4,586
3月19日,加拿大,727,12,9,129,1,715
3月20日,加拿大,873,11,12,146,3,862
3月21日,加拿大,1087,14,12,214,0,1073
3月22日,加拿大,1328,14,19,241,7,1314
3月23日,加拿大,1436,14,20,108,1,1422
3月24日,加拿大,2091,320,23,655,3,1771
3月25日,加拿大,2792,112,26,701,3,2680
3月26日,加拿大,3367,185,30,575,4,3182
3月27日,加拿大,3910,199,39,543,9,3711
3月28日,加拿大,4633,228,53,723,14,4405
3月29日,加拿大,5576,354,60,943,7,5222
3月30日,加拿大,6280,508,63,704,3,5772
3月31日,加拿大,7427,1093,84,1147,21,6334
4月1日,加拿大,8505,1162,101,1078,17,7343
4月2日,加拿大,9677,1615,114,1172,13,8062
4月3日,加拿大,11131,1906,161,1454,47,9225
4月4日,加拿大,12375,2186,208,1244,47,10189
4月5日,加拿大,13912,2595,231,1537,23,11317
4月6日,加拿大,15425,2847,277,1513,46,12578
4月7日,加拿大,16558,3534,322,1133,45,13024
4月8日,加拿大,17872,4028,377,1314,55,13844
4月9日,加拿大,19195,4548,427,1323,50,14647
4月10日,加拿大,20703,5218,504,1508,77,15485
4月11日,加拿大,22108,5871,556,1405,52,16237
4月12日,加拿大,23318,6309,653,1210,97,17009
4月13日,加拿大,24292,7106,713,974,60,17186
4月14日,加拿大,25552,7666,767,1260,54,17886
4月15日,加拿大,26897,8172,898,1345,131,18725
4月16日,加拿大,28205,8937,1006,1308,108,19268
4月17日,加拿大,29929,9674,1191,1724,185,20255
4月18日,加拿大,31642,10328,1310,1713,119,21314
4月19日,加拿大,33218,11168,1469,1576,159,22050
4月20日,加拿大,34813,11807,1583,1595,114,23006
4月21日,加拿大,36670,12197,1680,1857,97,24473
4月22日,加拿大,38210,13143,1831,1540,151,25067
4月23日,加拿大,39813,13647,1966,1603,135,26166
4月24日,加拿大,41791,13986,2141,1978,175,27805
4月25日,加拿大,43552,15469,2294,1761,153,28083
4月26日,加拿大,45138,16351,2464,1586,170,28787
4月27日,加拿大,46644,17239,2560,1506,96,29405
4月28日,加拿大,48242,18100,2702,1598,142,30142
4月29日,加拿大,49817,19050,2852,1575,150,30767
4月30日,加拿大,51248,20100,2985,1431,133,31148
5月1日,加拿大,53021,21198,3180,1773,195,31823
5月2日,加拿大,54810,22515,3387,1789,207,32295
5月3日,加拿大,56611,23621,3564,1801,177,32990
5月4日,加拿大,59474,24908,3682,2863,118,34566
5月5日,加拿大,60616,25422,3842,1142,160,35194
5月6日,加拿大,61981,26661,4037,1365,195,35320
5月7日,加拿大,63403,27816,4223,1422,186,35587
5月8日,加拿大,64835,28972,4404,1432,181,35863
5月9日,加拿大,66326,29948,4567,1491,163,36378
5月10日,加拿大,67643,31065,4692,1317,125,36578
5月11日,加拿大,68752,31902,4870,1109,178,36850
5月12日,加拿大,69911,32664,4992,1159,122,37247
5月13日,加拿大,71105,33722,5167,1194,175,37383
5月14日,加拿大,72200,34927,5301,1095,134,37273
5月15日,加拿大,73335,35936,5468,1135,167,37399
5月16日,加拿大,74540,36747,5553,1205,85,37793
5月17日,加拿大,75864,37819,5679,1324,126,38045
5月18日,加拿大,77002,38550,5782,1138,103,38452
5月19日,加拿大,78017,39127,5839,1015,57,38890
5月20日,加拿大,79077,39976,5909,1060,70,39101
5月21日,加拿大,80102,40697,6028,1025,119,39405
5月22日,加拿大,81279,41623,6145,1177,117,39656
5月23日,加拿大,82420,42481,6245,1141,100,39939
5月24日,加拿大,83593,43222,6352,1173,107,40371
5月25日,加拿大,84657,43930,6424,1064,72,40727
5月26日,加拿大,85679,44538,6538,1022,114,41141
5月27日,加拿大,86614,45250,6638,935,100,41364
5月28日,加拿大,87481,46072,6760,867,122,41409
5月29日,加拿大,88475,46777,6873,994,113,41698
5月30日,加拿大,89390,47443,6979,915,106,41947
5月31日,加拿大,90166,48065,7073,776,94,42101
6月1日,加拿大,90928,48839,7294,762,221,42089
6月2日,加拿大,91647,49476,7325,719,31,42171
6月3日,加拿大,92390,50271,7395,743,70,42119
6月4日,加拿大,93044,50984,7495,654,100,42060
6月5日,加拿大,93702,51693,7636,658,141,42009
6月6日,加拿大,94325,52545,7702,623,66,41780
6月7日,加拿大,95017,53582,7773,692,71,41435
6月8日,加拿大,95698,54221,7800,681,27,41477
6月9日,加拿大,96140,54473,7830,442,30,41667
6月10日,加拿大,96616,55537,7895,476,65,41079
6月11日,加拿大,97060,56602,7960,444,65,40458
6月12日,加拿大,97476,57608,7996,416,36,39868
6月13日,加拿大,97898,58490,8048,422,52,39408
6月14日,加拿大,98368,59333,8105,470,57,39035
6月15日,加拿大,98735,60241,8146,367,41,38494
6月16日,加拿大,99147,61042,8175,412,29,38105
6月17日,加拿大,99426,61400,8213,279,38,38026
6月18日,加拿大,99786,62000,8254,360,41,37786
6月19日,加拿大,100148,62445,8299,362,45,37703
6月20日,加拿大,100565,62961,8346,417,47,37604
6月21日,加拿大,100959,63450,8410,394,64,37509
6月22日,加拿大,101286,63860,8430,327,20,37426
6月23日,加拿大,0,0,0,0,0,0
6月24日,加拿大,0,0,0,0,0,0
6月25日,加拿大,0,0,0,0,0,0
6月26日,加拿大,0,0,0,0,0,0
6月27日,加拿大,,,,,,
6月28日,加拿大,,,,,,
6月29日,加拿大,,,,,,
6月30日,加拿大,,,,,,
2月1日,巴西,,,,,,0
2月2日,巴西,,,,,,0
2月3日,巴西,,,,,,0
2月4日,巴西,,,,,,0
2月5日,巴西,,,,,,0
2月6日,巴西,,,,,,0
2月7日,巴西,,,,,,0
2月8日,巴西,,,,,,0
2月9日,巴西,,,,,,0
2月10日,巴西,,,,,,0
2月11日,巴西,,,,,,0
2月12日,巴西,,,,,,0
2月13日,巴西,,,,,,0
2月14日,巴西,,,,,,0
2月15日,巴西,,,,,,0
2月16日,巴西,,,,,,0
2月17日,巴西,,,,,,0
2月18日,巴西,,,,,,0
2月19日,巴西,,,,,,0
2月20日,巴西,,,,,,0
2月21日,巴西,,,,,,0
2月22日,巴西,,,,,,0
2月23日,巴西,,,,,,0
2月24日,巴西,,,,,,0
2月25日,巴西,,,,,,0
2月26日,巴西,,,,,,0
2月27日,巴西,,,,,,0
2月28日,巴西,,,,,,0
2月29日,巴西,,,,,,0
3月1日,巴西,,,,,,0
3月2日,巴西,,,,,,0
3月3日,巴西,,,,,,0
3月4日,巴西,,,,,,0
3月5日,巴西,,,,,,0
3月6日,巴西,,,,,,0
3月7日,巴西,13,,,5,,13
3月8日,巴西,19,,,6,,19
3月9日,巴西,25,,,6,,25
3月10日,巴西,25,,,0,,25
3月11日,巴西,34,,,9,,34
3月12日,巴西,52,,,18,,52
3月13日,巴西,77,,,25,,77
3月14日,巴西,151,,,74,,151
3月15日,巴西,151,1,,0,,150
3月16日,巴西,200,1,,49,,199
3月17日,巴西,234,2,,34,,232
3月18日,巴西,346,2,1,112,1,344
3月19日,巴西,509,2,4,163,3,507
3月20日,巴西,635,2,7,126,3,633
3月21日,巴西,977,2,11,342,4,975
3月22日,巴西,1178,2,18,201,7,1176
3月23日,巴西,1546,2,25,368,7,1544
3月24日,巴西,1924,2,34,378,9,1922
3月25日,巴西,2247,2,46,323,12,2245
3月26日,巴西,2433,2,57,186,11,2431
3月27日,巴西,2915,6,77,482,20,2909
3月28日,巴西,3417,6,92,502,15,3411
3月29日,巴西,3904,6,111,487,19,3898
3月30日,巴西,4256,6,136,352,25,4250
3月31日,巴西,4579,120,159,323,23,4459
4月1日,巴西,5717,127,201,1138,42,5590
4月2日,巴西,6836,127,240,1119,39,6709
4月3日,巴西,7910,127,299,1074,59,7783
4月4日,巴西,9056,127,359,1146,60,8929
4月5日,巴西,10278,127,431,1222,72,10151
4月6日,巴西,11130,127,486,852,55,11003
4月7日,巴西,12056,127,553,926,67,11929
4月8日,巴西,14018,127,686,1962,133,13891
4月9日,巴西,15927,127,800,1909,114,15800
4月10日,巴西,17857,173,941,1930,141,17684
4月11日,巴西,19638,173,1057,1781,116,19465
4月12日,巴西,20727,173,1124,1089,67,20554
4月13日,巴西,22169,173,1223,1442,99,21996
4月14日,巴西,23430,173,1328,1261,105,23257
4月15日,巴西,24920,3046,1489,1490,161,21874
4月16日,巴西,28320,14026,1736,3400,247,14294
4月17日,巴西,30683,14026,1947,2363,211,16657
4月18日,巴西,33682,14026,2141,2999,194,19656
4月19日,巴西,36658,14026,2354,2976,213,22632
4月20日,巴西,38654,14026,2462,1996,108,24628
4月21日,巴西,40581,22130,2575,1927,113,18451
4月22日,巴西,43079,22991,2741,2498,166,20088
4月23日,巴西,45757,25318,2906,2678,165,20439
4月24日,巴西,49492,26573,3313,3735,407,22919
4月25日,巴西,52995,26573,3670,3503,357,26422
4月26日,巴西,58616,27655,4016,5621,346,30961
4月27日,巴西,61888,30152,4205,3272,189,31736
4月28日,巴西,66501,31142,4543,4613,338,35359
4月29日,巴西,71886,32544,5017,5385,474,39342
4月30日,巴西,78162,34132,5466,6276,449,44030
5月1日,巴西,85380,35935,5901,7218,435,49445
5月2日,巴西,91589,38039,6329,6209,428,53550
5月3日,巴西,96559,40937,6750,4970,421,55622
5月4日,巴西,101147,42991,7025,4588,275,58156
5月5日,巴西,105222,42991,7288,4075,263,62231
5月6日,巴西,110156,45815,7485,4934,197,64341
5月7日,巴西,125218,48221,8536,15062,1051,76997
5月8日,巴西,132367,51370,9054,7149,518,80997
5月9日,巴西,141088,55350,9637,8721,583,85738
5月10日,巴西,149101,59297,10113,8013,476,89804
5月11日,巴西,162699,61685,11123,13598,1010,101014
5月12日,巴西,166162,64957,11343,3463,220,101205
5月13日,巴西,173141,67384,12065,6979,722,105757
5月14日,巴西,185562,72597,13010,12421,945,112965
5月15日,巴西,197838,78424,13618,12276,608,119414
5月16日,巴西,212198,79479,14455,14360,837,132719
5月17日,巴西,229204,84970,15368,17006,913,144234
5月18日,巴西,239483,89672,16062,10279,694,149811
5月19日,巴西,245595,94122,16370,6112,308,151473
5月20日,巴西,265896,100459,17840,20301,1470,165437
5月21日,巴西,285418,106794,18655,19522,815,178624
5月22日,巴西,298206,116683,19271,12788,616,181523
5月23日,巴西,319069,125960,20541,20863,1270,193109
5月24日,巴西,342410,135430,21934,23341,1393,206980
5月25日,巴西,360062,142587,22602,17652,669,217475
5月26日,巴西,370060,149911,23102,9998,499,220149
5月27日,巴西,377780,153833,23622,7720,520,223947
5月28日,巴西,399632,158593,25035,21852,1413,241039
5月29日,巴西,419340,192302,25945,19708,910,227038
5月30日,巴西,450079,193181,27276,30739,1331,256898
5月31日,巴西,469510,193181,28015,19431,739,276329
6月1日,巴西,506708,205371,29101,37198,1086,301337
6月2日,巴西,519704,206555,29534,12996,433,313149
6月3日,巴西,539045,211080,30486,19341,952,327965
6月4日,巴西,560737,253570,31417,21692,931,307167
6月5日,巴西,606085,266132,33464,45348,2047,339953
6月6日,巴西,630708,288652,34625,24623,1161,342056
6月7日,巴西,659114,302084,35456,28406,831,357030
6月8日,巴西,678360,302084,36078,19246,622,376276
6月9日,巴西,694116,302084,36602,15756,524,392032
6月10日,巴西,739503,325602,38406,45387,1804,413901
6月11日,巴西,772416,380300,39680,32913,1274,392116
6月12日,巴西,802828,396692,40920,30412,1240,406136
6月13日,巴西,828810,396692,41828,25982,908,432118
6月14日,巴西,850514,427610,42720,21704,892,422904
6月15日,巴西,867624,437512,43332,17110,612,430112
6月16日,巴西,891556,464774,44118,23932,786,426782
6月17日,巴西,923189,464774,45241,31633,1123,458415
6月18日,巴西,955377,477364,46510,32188,1269,478013
6月19日,巴西,978142,503507,47748,22765,1238,474635
6月20日,巴西,1032913,520360,48954,54771,1206,512553
6月21日,巴西,1067579,543186,49976,34666,1022,524393
6月22日,巴西,1084883,543186,50608,17304,632,541697
6月23日,巴西,0,0,0,0,0,0
6月24日,巴西,0,0,0,0,0,0
6月25日,巴西,0,0,0,0,0,0
6月26日,巴西,0,0,0,0,0,0
6月27日,巴西,,,,,,
6月28日,巴西,,,,,,
6月29日,巴西,,,,,,
6月30日,巴西,,,,,,
2月1日,印度,,,,,,0
2月2日,印度,,,,,,0
2月3日,印度,,,,,,0
2月4日,印度,,,,,,0
2月5日,印度,,,,,,0
2月6日,印度,,,,,,0
2月7日,印度,,,,,,0
2月8日,印度,,,,,,0
2月9日,印度,,,,,,0
2月10日,印度,,,,,,0
2月11日,印度,,,,,,0
2月12日,印度,,,,,,0
2月13日,印度,,,,,,0
2月14日,印度,,,,,,0
2月15日,印度,,,,,,0
2月16日,印度,,,,,,0
2月17日,印度,,,,,,0
2月18日,印度,,,,,,0
2月19日,印度,,,,,,0
2月20日,印度,,,,,,0
2月21日,印度,,,,,,0
2月22日,印度,,,,,,0
2月23日,印度,,,,,,0
2月24日,印度,,,,,,0
2月25日,印度,,,,,,0
2月26日,印度,,,,,,0
2月27日,印度,,,,,,0
2月28日,印度,,,,,,0
2月29日,印度,,,,,,0
3月1日,印度,,,,,,0
3月2日,印度,,,,,,0
3月3日,印度,,,,,,0
3月4日,印度,,,,,,0
3月5日,印度,,,,,,0
3月6日,印度,,,,,,0
3月7日,印度,31,3,,1,,28
3月8日,印度,34,3,,3,,31
3月9日,印度,43,3,,9,,40
3月10日,印度,47,4,,4,,43
3月11日,印度,62,4,,15,,58
3月12日,印度,62,4,,0,,58
3月13日,印度,74,4,1,12,1,70
3月14日,印度,82,10,2,8,1,72
3月15日,印度,97,10,2,15,0,87
3月16日,印度,112,13,2,15,0,99
3月17日,印度,129,13,2,17,0,116
3月18日,印度,143,14,3,14,1,129
3月19日,印度,169,14,3,26,0,155
3月20日,印度,194,20,4,25,1,174
3月21日,印度,275,23,5,81,1,252
3月22日,印度,332,23,5,57,0,309
3月23日,印度,396,24,7,64,2,372
3月24日,印度,499,34,10,103,3,465
3月25日,印度,536,40,10,37,0,496
3月26日,印度,657,43,12,121,2,614
3月27日,印度,722,45,16,65,4,677
3月28日,印度,887,73,20,165,4,814
3月29日,印度,987,84,24,100,4,903
3月30日,印度,1024,95,27,37,3,929
3月31日,印度,1251,102,32,227,5,1149
4月1日,印度,1397,123,35,146,3,1274
4月2日,印度,1998,148,58,601,23,1850
4月3日,印度,2543,191,72,545,14,2352
4月4日,印度,2567,192,72,24,0,2375
4月5日,印度,3082,229,86,515,14,2853
4月6日,印度,3588,229,99,506,13,3359
4月7日,印度,4778,375,136,1190,37,4403
4月8日,印度,5311,421,150,533,14,4890
4月9日,印度,5916,506,178,605,28,5410
4月10日,印度,6725,620,226,809,48,6105
4月11日,印度,7598,774,246,873,20,6824
4月12日,印度,8446,969,288,848,42,7477
4月13日,印度,9205,1080,331,759,43,8125
4月14日,印度,10453,1181,358,1248,27,9272
4月15日,印度,11487,1359,393,1034,35,10128
4月16日,印度,12322,1432,405,835,12,10890
4月17日,印度,13430,1768,448,1108,43,11662
4月18日,印度,14352,2041,486,922,38,12311
4月19日,印度,15722,2463,521,1370,35,13259
4月20日,印度,17615,2854,559,1893,38,14761
4月21日,印度,18539,3273,592,924,33,15266
4月22日,印度,20080,3975,645,1541,53,16105
4月23日,印度,21370,4370,681,1290,36,17000
4月24日,印度,23039,5012,721,1669,40,18027
4月25日,印度,24447,5496,780,1408,59,18951
4月26日,印度,26283,5939,825,1836,45,20344
4月27日,印度,27890,6523,882,1607,57,21367
4月28日,印度,29451,7137,939,1561,57,22314
4月29日,印度,31360,7747,1008,1909,69,23613
4月30日,印度,33062,8437,1079,1702,71,24625
5月1日,印度,34862,9068,1154,1800,75,25794
5月2日,印度,37257,10007,1223,2395,69,27250
5月3日,印度,39699,10819,1323,2442,100,28880
5月4日,印度,42505,11775,1391,2806,68,30730
5月5日,印度,46437,12847,1566,3932,175,33590
5月6日,印度,49400,14142,1693,2963,127,35258
5月7日,印度,52987,15331,1785,3587,92,37656
5月8日,印度,56351,16776,1889,3364,104,39575
5月9日,印度,59693,17887,1985,3342,96,41806
5月10日,印度,62808,19301,2101,3115,116,43507
5月11日,印度,67161,20969,2212,4353,111,46192
5月12日,印度,70768,22549,2294,3607,82,48219
5月13日,印度,74243,24420,2415,3475,121,49823
5月14日,印度,78055,26400,2551,3812,136,51655
5月15日,印度,81997,27969,2649,3942,98,54028
5月16日,印度,85784,30234,2753,3787,104,55550
5月17日,印度,90648,34224,2871,4864,118,56424
5月18日,印度,95698,36795,3025,5050,154,58903
5月19日,印度,100340,39233,3156,4642,131,61107
5月20日,印度,106475,42309,3302,6135,146,64166
5月21日,印度,112028,45422,3434,5553,132,66606
5月22日,印度,118226,48553,3584,6198,150,69673
5月23日,印度,124794,51824,3726,6568,142,72970
5月24日,印度,131423,54385,3868,6629,142,77038
5月25日,印度,138536,57692,4024,7113,156,80844
5月26日,印度,144941,60706,4172,6405,148,84235
5月27日,印度,150793,64277,4349,5852,177,86516
5月28日,印度,158086,67749,4534,7293,185,90337
5月29日,印度,165386,70920,4711,7300,177,94466
5月30日,印度,173491,82627,4980,8105,269,90864
5月31日,印度,181827,86936,5185,8336,205,94891
6月1日,印度,190609,91852,5408,8782,223,98757
6月2日,印度,198370,95754,5608,7761,200,102616
6月3日,印度,207183,100285,5829,8813,221,106898
6月4日,印度,216824,104071,6088,9641,259,112753
6月5日,印度,226713,108450,6363,9889,275,118263
6月6日,印度,236184,113231,6649,9471,286,122953
6月7日,印度,246622,118695,6946,10438,297,127927
6月8日,印度,257506,123848,7207,10884,261,133658
6月9日,印度,265928,129095,7473,8422,266,136833
6月10日,印度,276146,134667,7750,10218,277,141479
6月11日,印度,287155,140979,8107,11009,357,146176
6月12日,印度,298283,146972,8501,11128,394,151311
6月13日,印度,309603,154231,8890,11320,389,155372
6月14日,印度,321626,162326,9205,12023,315,159300
6月15日,印度,333008,169689,9520,11382,315,163319
6月16日,印度,343026,180320,9915,10018,395,162706
6月17日,印度,354161,187552,11921,11135,2006,166609
6月18日,印度,367264,194438,12262,13103,341,172826
6月19日,印度,381091,205182,12604,13827,342,175909
6月20日,印度,395812,214206,12970,14721,366,181606
6月21日,印度,411727,228181,13277,15915,307,183546
6月22日,印度,426910,237252,13703,15183,426,189658
6月23日,印度,0,0,0,0,0,0
6月24日,印度,0,0,0,0,0,0
6月25日,印度,0,0,0,0,0,0
6月26日,印度,0,0,0,0,0,0
6月27日,印度,,,,,,
6月28日,印度,,,,,,
6月29日,印度,,,,,,
6月30日,印度,,,,,,
2月1日,韩国,12,,0,,0,12
2月2日,韩国,15,,0,3,0,15
2月3日,韩国,15,,0,0,0,15
2月4日,韩国,16,,0,1,0,16
2月5日,韩国,18,,0,2,0,18
2月6日,韩国,23,,0,5,0,23
2月7日,韩国,24,,0,1,0,24
2月8日,韩国,24,,0,0,0,24
2月9日,韩国,27,,0,3,0,27
2月10日,韩国,27,,0,0,0,27
2月11日,韩国,28,,0,1,0,28
2月12日,韩国,28,,0,0,0,28
2月13日,韩国,28,,0,0,0,28
2月14日,韩国,28,,0,0,0,28
2月15日,韩国,28,,0,0,0,28
2月16日,韩国,29,,0,1,0,29
2月17日,韩国,30,,0,1,0,30
2月18日,韩国,31,,0,1,0,31
2月19日,韩国,51,,0,20,0,51
2月20日,韩国,104,,1,53,1,104
2月21日,韩国,204,,1,100,0,204
2月22日,韩国,346,,2,142,1,346
2月23日,韩国,602,,5,256,3,602
2月24日,韩国,763,,7,161,2,763
2月25日,韩国,977,,10,214,3,977
2月26日,韩国,1261,,12,284,2,1261
2月27日,韩国,1766,,13,505,1,1766
2月28日,韩国,2337,,13,571,0,2337
2月29日,韩国,3150,,17,813,4,3150
3月1日,韩国,3736,,18,586,1,3736
3月2日,韩国,4212,,22,476,4,4212
3月3日,韩国,4812,,28,600,6,4812
3月4日,韩国,5328,,32,516,4,5328
3月5日,韩国,5766,,35,438,3,5766
3月6日,韩国,6284,,42,518,7,6284
3月7日,韩国,6593,135,43,309,1,6458
3月8日,韩国,7041,118,48,448,5,6923
3月9日,韩国,7313,130,50,272,2,7183
3月10日,韩国,7478,166,53,165,3,7312
3月11日,韩国,7513,247,58,35,5,7266
3月12日,韩国,7755,288,60,242,2,7467
3月13日,韩国,7869,333,66,114,6,7536
3月14日,韩国,7979,510,71,110,5,7469
3月15日,韩国,8086,714,72,107,1,7372
3月16日,韩国,8162,834,75,76,3,7328
3月17日,韩国,8236,1137,75,74,0,7099
3月18日,韩国,8320,1401,81,84,6,6919
3月19日,韩国,8413,1540,84,93,3,6873
3月20日,韩国,8565,1947,91,152,7,6618
3月21日,韩国,8652,2612,102,87,11,6040
3月22日,韩国,8799,2612,102,147,0,6187
3月23日,韩国,8897,2909,104,98,2,5988
3月24日,韩国,8961,3166,111,64,7,5795
3月25日,韩国,9037,3507,120,76,9,5530
3月26日,韩国,9137,3730,126,100,6,5407
3月27日,韩国,9241,4144,131,104,5,5097
3月28日,韩国,9332,4528,139,91,8,4804
3月29日,韩国,9478,4811,144,146,5,4667
3月30日,韩国,9583,5033,152,105,8,4550
3月31日,韩国,9661,5228,158,78,6,4433
4月1日,韩国,9786,5408,162,125,4,4378
4月2日,韩国,9887,5567,165,101,3,4320
4月3日,韩国,9976,5828,169,89,4,4148
4月4日,韩国,10062,6021,174,86,5,4041
4月5日,韩国,10156,6325,177,94,3,3831
4月6日,韩国,10237,6463,183,81,6,3774
4月7日,韩国,10284,6598,186,47,3,3686
4月8日,韩国,10331,6694,192,47,6,3637
4月9日,韩国,10384,6776,200,53,8,3608
4月10日,韩国,10423,6973,204,39,4,3450
4月11日,韩国,10450,7117,208,27,4,3333
4月12日,韩国,10480,7243,211,30,3,3237
4月13日,韩国,10512,7368,214,32,3,3144
4月14日,韩国,10537,7447,217,25,3,3090
4月15日,韩国,10564,7534,222,27,5,3030
4月16日,韩国,10591,7616,225,27,3,2975
4月17日,韩国,10613,7757,229,22,4,2856
4月18日,韩国,10635,7829,230,22,1,2806
4月19日,韩国,10653,7937,232,18,2,2716
4月20日,韩国,10661,8042,234,8,2,2619
4月21日,韩国,10674,8114,236,13,2,2560
4月22日,韩国,10683,8213,237,9,1,2470
4月23日,韩国,10694,8277,238,11,1,2417
4月24日,韩国,10702,8411,240,8,2,2291
4月25日,韩国,10708,8501,240,6,0,2207
4月26日,韩国,10718,8635,240,10,0,2083
4月27日,韩国,10728,8717,242,10,2,2011
4月28日,韩国,10738,8764,243,10,1,1974
4月29日,韩国,10752,8854,244,14,1,1898
4月30日,韩国,10761,8922,246,9,2,1839
5月1日,韩国,10765,9059,247,4,1,1706
5月2日,韩国,10774,9072,248,9,1,1702
5月3日,韩国,10780,9123,250,6,2,1657
5月4日,韩国,10793,9183,250,13,0,1610
5月5日,韩国,10801,9217,252,8,2,1584
5月6日,韩国,10804,9283,254,3,2,1521
5月7日,韩国,10806,9333,255,2,1,1473
5月8日,韩国,10810,9419,256,4,1,1391
5月9日,韩国,10822,9484,256,12,0,1338
5月10日,韩国,10840,9568,256,18,0,1272
5月11日,韩国,10874,9610,256,34,0,1264
5月12日,韩国,10909,9632,256,35,0,1277
5月13日,韩国,10936,9670,258,27,2,1266
5月14日,韩国,10962,9695,259,26,1,1267
5月15日,韩国,10991,9762,260,29,1,1229
5月16日,韩国,11018,9821,260,27,0,1197
5月17日,韩国,11037,9851,262,19,2,1186
5月18日,韩国,11050,9888,262,13,0,1162
5月19日,韩国,11065,9904,263,15,1,1161
5月20日,韩国,11078,9938,263,13,0,1140
5月21日,韩国,11110,10066,263,32,0,1044
5月22日,韩国,11122,10135,264,12,1,987
5月23日,韩国,11142,10162,264,20,0,980
5月24日,韩国,11165,10194,266,23,2,971
5月25日,韩国,11190,10213,266,25,0,977
5月26日,韩国,11206,10226,267,16,1,980
5月27日,韩国,11225,10275,269,19,2,950
5月28日,韩国,11265,10295,269,40,0,970
5月29日,韩国,11344,10340,269,79,0,1004
5月30日,韩国,11402,10363,269,58,0,1039
5月31日,韩国,11441,10398,269,39,0,1043
6月1日,韩国,11468,10405,270,27,1,1063
6月2日,韩国,11503,10422,271,35,1,1081
6月3日,韩国,11541,10446,272,38,1,1095
6月4日,韩国,11590,10467,273,49,1,1123
6月5日,韩国,11629,10499,273,39,0,1130
6月6日,韩国,11668,10506,273,39,0,1162
6月7日,韩国,11719,10531,273,51,0,1188
6月8日,韩国,11776,10552,273,57,0,1224
6月9日,韩国,11814,10563,273,38,0,1251
6月10日,韩国,11852,10589,274,38,1,1263
6月11日,韩国,11902,10611,276,50,2,1291
6月12日,韩国,11947,10654,276,45,0,1293
6月13日,韩国,12003,10669,277,56,1,1334
6月14日,韩国,12051,10691,277,48,0,1360
6月15日,韩国,12085,10718,277,34,0,1367
6月16日,韩国,12121,10730,277,36,0,1391
6月17日,韩国,12155,10760,278,34,1,1395
6月18日,韩国,12198,10774,279,43,1,1424
6月19日,韩国,12257,10800,280,59,1,1457
6月20日,韩国,12306,10835,280,49,0,1471
6月21日,韩国,12373,10856,280,67,0,1517
6月22日,韩国,12421,10868,280,48,0,1553
6月23日,韩国,0,0,0,0,0,0
6月24日,韩国,0,0,0,0,0,0
6月25日,韩国,0,0,0,0,0,0
6月26日,韩国,0,0,0,0,0,0
6月27日,韩国,,,,,,
6月28日,韩国,,,,,,
6月29日,韩国,,,,,,
6月30日,韩国,,,,,,
2月1日,智利,,,,,,0
2月2日,智利,,,,,,0
2月3日,智利,,,,,,0
2月4日,智利,,,,,,0
2月5日,智利,,,,,,0
2月6日,智利,,,,,,0
2月7日,智利,,,,,,0
2月8日,智利,,,,,,0
2月9日,智利,,,,,,0
2月10日,智利,,,,,,0
2月11日,智利,,,,,,0
2月12日,智利,,,,,,0
2月13日,智利,,,,,,0
2月14日,智利,,,,,,0
2月15日,智利,,,,,,0
2月16日,智利,,,,,,0
2月17日,智利,,,,,,0
2月18日,智利,,,,,,0
2月19日,智利,,,,,,0
2月20日,智利,,,,,,0
2月21日,智利,,,,,,0
2月22日,智利,,,,,,0
2月23日,智利,,,,,,0
2月24日,智利,,,,,,0
2月25日,智利,,,,,,0
2月26日,智利,,,,,,0
2月27日,智利,,,,,,0
2月28日,智利,,,,,,0
2月29日,智利,,,,,,0
3月1日,智利,,,,,,0
3月2日,智利,,,,,,0
3月3日,智利,,,,,,0
3月4日,智利,,,,,,0
3月5日,智利,,,,,,0
3月6日,智利,,,,,,0
3月7日,智利,5,,,1,,5
3月8日,智利,5,,,0,,5
3月9日,智利,10,,,5,,10
3月10日,智利,13,,,3,,13
3月11日,智利,17,,,4,,17
3月12日,智利,23,,,6,,23
3月13日,智利,33,,,10,,33
3月14日,智利,43,,,10,,43
3月15日,智利,61,,,18,,61
3月16日,智利,75,,,14,,75
3月17日,智利,156,,,81,,156
3月18日,智利,201,,,45,,201
3月19日,智利,238,,,37,,238
3月20日,智利,342,,,104,,342
3月21日,智利,434,6,,92,,428
3月22日,智利,537,8,1,103,1,529
3月23日,智利,632,8,1,95,0,624
3月24日,智利,746,11,2,114,1,735
3月25日,智利,922,17,2,176,0,905
3月26日,智利,1142,22,3,220,1,1120
3月27日,智利,1306,22,4,164,1,1284
3月28日,智利,1610,43,5,304,1,1567
3月29日,智利,1909,61,6,299,1,1848
3月30日,智利,2139,75,7,230,1,2064
3月31日,智利,2449,156,8,310,1,2293
4月1日,智利,2738,156,12,289,4,2582
4月2日,智利,3031,234,16,293,4,2797
4月3日,智利,3404,335,18,373,2,3069
4月4日,智利,3737,427,22,333,4,3310
4月5日,智利,4161,528,27,424,5,3633
4月6日,智利,4471,618,34,310,7,3853
4月7日,智利,4815,728,37,344,3,4087
4月8日,智利,5116,898,43,301,6,4218
4月9日,智利,5546,1115,48,430,5,4431
4月10日,智利,5972,1274,57,426,9,4698
4月11日,智利,6501,1571,65,529,8,4930
4月12日,智利,6927,1864,73,426,8,5063
4月13日,智利,7213,2059,80,286,7,5154
4月14日,智利,7525,2367,82,312,2,5158
4月15日,智利,7917,2646,92,392,10,5271
4月16日,智利,8273,2937,94,356,2,5336
4月17日,智利,8807,3299,105,534,11,5508
4月18日,智利,9252,3621,116,445,11,5631
4月19日,智利,9730,4035,126,478,10,5695
4月20日,智利,10088,4338,133,358,7,5750
4月21日,智利,10507,4676,139,419,6,5831
4月22日,智利,10832,4969,147,325,8,5863
4月23日,智利,11296,5386,160,464,13,5910
4月24日,智利,11812,5804,168,516,8,6008
4月25日,智利,12306,6327,174,494,6,5979
4月26日,智利,12858,6746,181,552,7,6112
4月27日,智利,13331,7024,189,473,8,6307
4月28日,智利,13813,7327,198,482,9,6486
4月29日,智利,14365,7710,207,552,9,6655
4月30日,智利,14885,8057,216,520,9,6828
5月1日,智利,16023,8580,227,1138,11,7443
5月2日,智利,17008,9018,234,985,7,7990
5月3日,智利,18435,9572,247,1427,13,8863
5月4日,智利,19663,10041,260,1228,13,9622
5月5日,智利,20643,10415,270,980,10,10228
5月6日,智利,22016,10710,275,1373,5,11306
5月7日,智利,23048,11189,281,1032,6,11859
5月8日,智利,24581,11664,285,1533,4,12917
5月9日,智利,25972,12160,294,1391,9,13812
5月10日,智利,27219,12667,304,1247,10,14552
5月11日,智利,28866,13112,312,1647,8,15754
5月12日,智利,30063,13605,323,1197,11,16458
5月13日,智利,31721,14125,335,1658,12,17596
5月14日,智利,34381,14865,346,2660,11,19516
5月15日,智利,37040,15655,368,2659,22,21385
5月16日,智利,39542,16614,394,2502,26,22928
5月17日,智利,41428,18014,421,1886,27,23414
5月18日,智利,43781,19213,450,2353,29,24568
5月19日,智利,46059,20165,478,2278,28,25894
5月20日,智利,49579,21507,509,3520,31,28072
5月21日,智利,53617,22504,544,4038,35,31113
5月22日,智利,57581,23992,589,3964,45,33589
5月23日,智利,61857,25342,630,4276,41,36515
5月24日,智利,65393,26546,673,3536,43,38847
5月25日,智利,69102,28148,718,3709,45,40954
5月26日,智利,73997,29302,761,4895,43,44695
5月27日,智利,77961,30915,806,3964,45,47046
5月28日,智利,82289,33540,841,4328,35,48749
5月29日,智利,86943,36150,890,4654,49,50793
5月30日,智利,90638,38598,944,3695,54,52040
5月31日,智利,94858,40431,997,4220,53,54427
6月1日,智利,99688,42727,1054,4830,57,56961
6月2日,智利,105159,44946,1113,5471,59,60213
6月3日,智利,108686,44946,1188,3527,75,63740
6月4日,智利,113628,86173,1275,4942,87,27455
6月5日,智利,118292,90748,1356,4664,81,27544
6月6日,智利,122499,95631,1448,4207,92,26868
6月7日,智利,127745,95631,1541,5246,93,32114
6月8日,智利,134150,95631,2190,6405,649,38519
6月9日,智利,138846,95631,2264,4696,74,43215
6月10日,智利,142759,95631,2283,3913,19,47128
6月11日,智利,148496,95631,2475,5737,192,52865
6月12日,智利,154092,126444,2648,5596,173,27648
6月13日,智利,160846,131358,2870,6754,222,29488
6月14日,智利,167355,137296,3101,6509,231,30059
6月15日,智利,174293,143704,3323,6938,222,30589
6月16日,智利,179436,148792,3362,5143,39,30644
6月17日,智利,184449,156232,3383,5013,21,28217
6月18日,智利,184449,156232,3615,0,232,28217
6月19日,智利,225103,186441,3841,40654,226,38662
6月20日,智利,231393,191491,4093,6290,252,39902
6月21日,智利,236748,196609,4295,5355,202,40139
6月22日,智利,242355,200569,4479,5607,184,41786
6月23日,智利,0,0,0,0,0,0
6月24日,智利,0,0,0,0,0,0
6月25日,智利,0,0,0,0,0,0
6月26日,智利,0,0,0,0,0,0
6月27日,智利,,,,,,
6月28日,智利,,,,,,
6月29日,智利,,,,,,
6月30日,智利,,,,,,
2月1日,日本,17,,0,,0,17
2月2日,日本,20,,0,3,0,20
2月3日,日本,20,,0,0,0,20
2月4日,日本,20,,0,0,0,20
2月5日,日本,33,,0,13,0,33
2月6日,日本,25,,0,-8,0,25
2月7日,日本,25,,0,0,0,25
2月8日,日本,25,,0,0,0,25
2月9日,日本,26,,0,1,0,26
2月10日,日本,26,,0,0,0,26
2月11日,日本,26,,0,0,0,26
2月12日,日本,28,,0,2,0,28
2月13日,日本,29,,0,1,0,29
2月14日,日本,33,,1,4,1,33
2月15日,日本,41,,1,8,0,41
2月16日,日本,53,,1,12,0,53
2月17日,日本,59,,1,6,0,59
2月18日,日本,65,,1,6,0,65
2月19日,日本,73,,1,8,0,73
2月20日,日本,85,,1,12,0,85
2月21日,日本,93,,1,8,0,93
2月22日,日本,105,,1,12,0,105
2月23日,日本,132,,1,27,0,132
2月24日,日本,144,,1,12,0,144
2月25日,日本,157,,1,13,0,157
2月26日,日本,164,,1,7,0,164
2月27日,日本,186,,3,22,2,186
2月28日,日本,210,,4,24,1,210
2月29日,日本,230,,5,20,1,230
3月1日,日本,239,,5,9,0,239
3月2日,日本,254,,6,15,1,254
3月3日,日本,268,,6,14,0,268
3月4日,日本,284,,6,16,0,284
3月5日,日本,317,,6,33,0,317
3月6日,日本,349,,6,32,0,349
3月7日,日本,420,46,6,71,0,374
3月8日,日本,461,76,6,41,0,385
3月9日,日本,502,76,7,41,1,426
3月10日,日本,530,101,9,28,2,429
3月11日,日本,587,102,10,57,1,485
3月12日,日本,639,118,15,52,5,521
3月13日,日本,691,118,19,52,4,573
3月14日,日本,701,118,19,10,0,583
3月15日,日本,804,144,22,103,3,660
3月16日,日本,839,144,24,35,2,695
3月17日,日本,895,144,27,56,3,751
3月18日,日本,878,144,29,-17,2,734
3月19日,日本,899,144,29,21,0,755
3月20日,日本,943,191,33,44,4,752
3月21日,日本,963,215,35,20,2,748
3月22日,日本,1054,215,36,91,1,839
3月23日,日本,1086,235,36,32,0,851
3月24日,日本,1128,235,42,42,6,893
3月25日,日本,1193,285,43,65,1,908
3月26日,日本,1307,310,45,114,2,997
3月27日,日本,1399,359,47,92,2,1040
3月28日,日本,1468,372,49,69,2,1096
3月29日,日本,1693,404,52,225,3,1289
3月30日,日本,1866,424,54,173,2,1442
3月31日,日本,1866,424,54,0,0,1442
4月1日,日本,1953,424,56,87,2,1529
4月2日,日本,2178,472,57,225,1,1706
4月3日,日本,2384,472,57,206,0,1912
4月4日,日本,2617,514,63,233,6,2103
4月5日,日本,2935,514,69,318,6,2421
4月6日,日本,3139,514,77,204,8,2625
4月7日,日本,3654,575,85,515,8,3079
4月8日,日本,3906,592,92,252,7,3314
4月9日,日本,4257,622,93,351,1,3635
4月10日,日本,4667,632,94,410,1,4035
4月11日,日本,5530,685,99,863,5,4845
4月12日,日本,6005,762,99,475,0,5243
4月13日,日本,6748,762,108,743,9,5986
4月14日,日本,7370,784,123,622,15,6586
4月15日,日本,7645,799,143,275,20,6846
4月16日,日本,8100,853,146,455,3,7247
4月17日,日本,8626,901,178,526,32,7725
4月18日,日本,9167,935,190,541,12,8232
4月19日,日本,9795,1069,222,628,32,8726
4月20日,日本,10219,1159,236,424,14,9060
4月21日,日本,10751,1239,253,532,17,9512
4月22日,日本,11119,1239,263,368,10,9880
4月23日,日本,11512,1356,281,393,18,10156
4月24日,日本,11950,1424,299,438,18,10526
4月25日,日本,12368,1494,328,418,29,10874
4月26日,日本,12829,1530,345,461,17,11299
4月27日,日本,13231,1656,360,402,15,11575
4月28日,日本,13441,1809,372,210,12,11632
4月29日,日本,13614,1899,385,173,13,11715
4月30日,日本,13736,1899,394,122,9,11837
5月1日,日本,13965,2368,425,229,31,11597
5月2日,日本,14088,2460,430,123,5,11628
5月3日,日本,14305,2975,455,217,25,11330
5月4日,日本,14571,3205,474,266,19,11366
5月5日,日本,14877,3981,487,306,13,10896
5月6日,日本,15078,4156,536,201,49,10922
5月7日,日本,15253,4496,556,175,20,10757
5月8日,日本,15477,4918,577,224,21,10559
5月9日,日本,15575,5146,590,98,13,10429
5月10日,日本,15575,5146,590,0,0,10429
5月11日,日本,15663,5906,607,88,17,9757
5月12日,日本,15777,8127,624,114,17,7650
5月13日,日本,15847,8293,633,70,9,7554
5月14日,日本,15968,8531,657,121,24,7437
5月15日,日本,16049,8920,678,81,21,7129
5月16日,日本,16120,9868,697,71,19,6252
5月17日,日本,16203,10338,713,83,16,5865
5月18日,日本,16237,10338,725,34,12,5899
5月19日,日本,16285,11153,744,48,19,5132
5月20日,日本,16305,11564,749,20,5,4741
5月21日,日本,16367,11564,768,62,19,4803
5月22日,日本,16385,12286,771,18,3,4099
5月23日,日本,16424,12672,777,39,6,3752
5月24日,日本,16536,13244,808,112,31,3292
5月25日,日本,16536,13244,808,0,0,3292
5月26日,日本,16550,13413,820,14,12,3137
5月27日,日本,16623,13810,846,73,26,2813
5月28日,日本,16623,13810,846,0,0,2813
5月29日,日本,16651,13973,858,28,12,2678
5月30日,日本,16683,14147,867,32,9,2536
5月31日,日本,16719,14254,874,36,7,2465
6月1日,日本,16804,14406,886,85,12,2398
6月2日,日本,16851,14459,891,47,5,2392
6月3日,日本,16884,14502,892,33,1,2382
6月4日,日本,16930,14650,894,46,2,2280
6月5日,日本,16986,14771,900,56,6,2215
6月6日,日本,17018,14867,903,32,3,2151
6月7日,日本,17064,14972,907,46,4,2092
6月8日,日本,17103,15079,914,39,7,2024
6月9日,日本,17141,15139,916,38,2,2002
6月10日,日本,17174,15148,916,33,0,2026
6月11日,日本,17210,15213,916,36,0,1997
6月12日,日本,17251,15298,919,41,3,1953
6月13日,日本,17292,15383,920,41,1,1909
6月14日,日本,17332,15493,922,40,2,1839
6月15日,日本,17382,15580,924,50,2,1802
6月16日,日本,17502,15686,925,120,1,1816
6月17日,日本,17502,15686,925,0,0,1816
6月18日,日本,17587,15701,927,85,2,1886
6月19日,日本,17628,15850,931,41,4,1778
6月20日,日本,17668,15930,935,40,4,1738
6月21日,日本,17740,16008,935,72,0,1732
6月22日,日本,17799,16077,952,59,17,1722
6月23日,日本,0,0,0,0,0,0
6月24日,日本,0,0,0,0,0,0
6月25日,日本,0,0,0,0,0,0
6月26日,日本,0,0,0,0,0,0
6月27日,日本,,,,,,
6月28日,日本,,,,,,
6月29日,日本,,,,,,
6月30日,日本,,,,,,
2月1日,澳大利亚,,,,,,0
2月2日,澳大利亚,,,,,,0
2月3日,澳大利亚,,,,,,0
2月4日,澳大利亚,,,,,,0
2月5日,澳大利亚,,,,,,0
2月6日,澳大利亚,,,,,,0
2月7日,澳大利亚,,,,,,0
2月8日,澳大利亚,,,,,,0
2月9日,澳大利亚,,,,,,0
2月10日,澳大利亚,,,,,,0
2月11日,澳大利亚,,,,,,0
2月12日,澳大利亚,,,,,,0
2月13日,澳大利亚,,,,,,0
2月14日,澳大利亚,,,,,,0
2月15日,澳大利亚,,,,,,0
2月16日,澳大利亚,,,,,,0
2月17日,澳大利亚,,,,,,0
2月18日,澳大利亚,,,,,,0
2月19日,澳大利亚,,,,,,0
2月20日,澳大利亚,,,,,,0
2月21日,澳大利亚,,,,,,0
2月22日,澳大利亚,,,,,,0
2月23日,澳大利亚,,,,,,0
2月24日,澳大利亚,,,,,,0
2月25日,澳大利亚,,,,,,0
2月26日,澳大利亚,,,,,,0
2月27日,澳大利亚,,,,,,0
2月28日,澳大利亚,,,,,,0
2月29日,澳大利亚,,,,,,0
3月1日,澳大利亚,,,,,,0
3月2日,澳大利亚,,,,,,0
3月3日,澳大利亚,,,,,,0
3月4日,澳大利亚,,,,,,0
3月5日,澳大利亚,,,,,,0
3月6日,澳大利亚,,,,,,0
3月7日,澳大利亚,63,22,2,3,,41
3月8日,澳大利亚,74,22,3,11,1,52
3月9日,澳大利亚,80,22,3,6,0,58
3月10日,澳大利亚,93,22,3,13,0,71
3月11日,澳大利亚,116,22,3,23,0,94
3月12日,澳大利亚,127,24,3,11,0,103
3月13日,澳大利亚,156,26,3,29,0,130
3月14日,澳大利亚,199,26,3,43,0,173
3月15日,澳大利亚,248,27,3,49,0,221
3月16日,澳大利亚,300,27,5,52,2,273
3月17日,澳大利亚,375,27,5,75,0,348
3月18日,澳大利亚,452,27,5,77,0,425
3月19日,澳大利亚,596,43,6,144,1,553
3月20日,澳大利亚,756,46,7,160,1,710
3月21日,澳大利亚,1068,46,7,312,0,1022
3月22日,澳大利亚,1072,46,7,4,0,1026
3月23日,澳大利亚,1353,88,7,281,0,1265
3月24日,澳大利亚,1887,118,7,534,0,1769
3月25日,澳大利亚,2144,118,8,257,1,2026
3月26日,澳大利亚,2431,118,9,287,1,2313
3月27日,澳大利亚,2985,170,13,554,4,2815
3月28日,澳大利亚,3180,170,13,195,0,3010
3月29日,澳大利亚,3635,170,14,455,1,3465
3月30日,澳大利亚,3980,226,16,345,2,3754
3月31日,澳大利亚,4359,244,18,379,2,4115
4月1日,澳大利亚,4561,337,19,202,1,4224
4月2日,澳大利亚,4980,345,22,419,3,4635
4月3日,澳大利亚,5230,585,27,250,5,4645
4月4日,澳大利亚,5350,585,28,120,1,4765
4月5日,澳大利亚,5550,585,30,200,2,4965
4月6日,澳大利亚,5687,2315,35,137,5,3372
4月7日,澳大利亚,5795,2432,41,108,6,3363
4月8日,澳大利亚,5919,2547,48,124,7,3372
4月9日,澳大利亚,6013,2813,50,94,2,3200
4月10日,澳大利亚,6104,2987,51,91,1,3117
4月11日,澳大利亚,6203,3141,53,99,2,3062
4月12日,澳大利亚,6303,3265,56,100,3,3038
4月13日,澳大利亚,6313,3338,59,10,3,2975
4月14日,澳大利亚,6359,3494,61,46,2,2865
4月15日,澳大利亚,6400,3598,61,41,0,2802
4月16日,澳大利亚,6447,3686,63,47,2,2761
4月17日,澳大利亚,6468,3747,63,21,0,2721
4月18日,澳大利亚,6526,3821,65,58,2,2705
4月19日,澳大利亚,6565,4163,69,39,4,2402
4月20日,澳大利亚,6612,4230,71,47,2,2382
4月21日,澳大利亚,6619,4258,71,7,0,2361
4月22日,澳大利亚,6645,4685,71,26,0,1960
4月23日,澳大利亚,6649,4920,74,4,3,1729
4月24日,澳大利亚,6661,5045,75,12,1,1616
4月25日,澳大利亚,6675,5136,79,14,4,1539
4月26日,澳大利亚,6695,5372,80,20,1,1323
4月27日,澳大利亚,6711,5539,83,16,3,1172
4月28日,澳大利亚,6720,5586,83,9,0,1134
4月29日,澳大利亚,6731,5626,84,11,1,1105
4月30日,澳大利亚,6746,5667,89,15,5,1079
5月1日,澳大利亚,6753,5715,91,7,2,1038
5月2日,澳大利亚,6767,5745,93,14,2,1022
5月3日,澳大利亚,6783,5789,93,16,0,994
5月4日,澳大利亚,6801,5817,95,18,2,984
5月5日,澳大利亚,6825,5859,95,24,0,966
5月6日,澳大利亚,6849,5889,96,24,1,960
5月7日,澳大利亚,6875,5984,97,26,1,891
5月8日,澳大利亚,6896,6040,97,21,0,856
5月9日,澳大利亚,6914,6079,97,18,0,835
5月10日,澳大利亚,6929,6135,97,15,0,794
5月11日,澳大利亚,6941,6163,97,12,0,778
5月12日,澳大利亚,6948,6179,97,7,0,769
5月13日,澳大利亚,6964,6229,97,16,0,735
5月14日,澳大利亚,6980,6271,98,16,1,709
5月15日,澳大利亚,6989,6301,98,9,0,688
5月16日,澳大利亚,7019,6337,98,30,0,682
5月17日,澳大利亚,7036,6362,98,17,0,674
5月18日,澳大利亚,7045,6367,98,9,0,678
5月19日,澳大利亚,7060,6392,99,15,1,668
5月20日,澳大利亚,7068,6413,100,8,1,655
5月21日,澳大利亚,7079,6444,100,11,0,635
5月22日,澳大利亚,7081,6472,100,2,0,609
5月23日,澳大利亚,7095,6479,101,14,1,616
5月24日,澳大利亚,7111,6494,102,16,1,617
5月25日,澳大利亚,7114,6508,102,3,0,606
5月26日,澳大利亚,7118,6531,102,4,0,587
5月27日,澳大利亚,7133,6553,102,15,0,580
5月28日,澳大利亚,7139,6566,102,6,0,573
5月29日,澳大利亚,7150,6580,102,11,0,570
5月30日,澳大利亚,7173,6582,102,23,0,591
5月31日,澳大利亚,7185,6606,102,12,0,579
6月1日,澳大利亚,7195,6614,102,10,0,581
6月2日,澳大利亚,7204,6619,102,9,0,585
6月3日,澳大利亚,7221,6626,102,17,0,595
6月4日,澳大利亚,7229,6640,102,8,0,589
6月5日,澳大利亚,7240,6648,102,11,0,592
6月6日,澳大利亚,7251,6683,102,11,0,568
6月7日,澳大利亚,7255,6690,102,4,0,565
6月8日,澳大利亚,7260,6703,102,5,0,557
6月9日,澳大利亚,7265,6706,102,5,0,559
6月10日,澳大利亚,7267,6720,102,2,0,547
6月11日,澳大利亚,7276,6744,102,9,0,532
6月12日,澳大利亚,7285,6761,102,9,0,524
6月13日,澳大利亚,7290,6783,102,5,0,507
6月14日,澳大利亚,7302,6812,102,12,0,490
6月15日,澳大利亚,7320,6838,102,18,0,482
6月16日,澳大利亚,7347,6853,102,27,0,494
6月17日,澳大利亚,7347,6853,102,0,0,494
6月18日,澳大利亚,7370,6859,102,23,0,511
6月19日,澳大利亚,7391,6877,102,21,0,514
6月20日,澳大利亚,7409,6878,102,18,0,531
6月21日,澳大利亚,7436,6881,102,27,0,555
6月22日,澳大利亚,7461,6896,102,25,0,565
6月23日,澳大利亚,0,0,0,0,0,0
6月24日,澳大利亚,0,0,0,0,0,0
6月25日,澳大利亚,0,0,0,0,0,0
6月26日,澳大利亚,0,0,0,0,0,0
6月27日,澳大利亚,,,,,,
6月28日,澳大利亚,,,,,,
6月29日,澳大利亚,,,,,,
6月30日,澳大利亚,,,,,,
2月1日,巴基斯坦,,,,,,0
2月2日,巴基斯坦,,,,,,0
2月3日,巴基斯坦,,,,,,0
2月4日,巴基斯坦,,,,,,0
2月5日,巴基斯坦,,,,,,0
2月6日,巴基斯坦,,,,,,0
2月7日,巴基斯坦,,,,,,0
2月8日,巴基斯坦,,,,,,0
2月9日,巴基斯坦,,,,,,0
2月10日,巴基斯坦,,,,,,0
2月11日,巴基斯坦,,,,,,0
2月12日,巴基斯坦,,,,,,0
2月13日,巴基斯坦,,,,,,0
2月14日,巴基斯坦,,,,,,0
2月15日,巴基斯坦,,,,,,0
2月16日,巴基斯坦,,,,,,0
2月17日,巴基斯坦,,,,,,0
2月18日,巴基斯坦,,,,,,0
2月19日,巴基斯坦,,,,,,0
2月20日,巴基斯坦,,,,,,0
2月21日,巴基斯坦,,,,,,0
2月22日,巴基斯坦,,,,,,0
2月23日,巴基斯坦,,,,,,0
2月24日,巴基斯坦,,,,,,0
2月25日,巴基斯坦,,,,,,0
2月26日,巴基斯坦,,,,,,0
2月27日,巴基斯坦,,,,,,0
2月28日,巴基斯坦,,,,,,0
2月29日,巴基斯坦,,,,,,0
3月1日,巴基斯坦,,,,,,0
3月2日,巴基斯坦,,,,,,0
3月3日,巴基斯坦,,,,,,0
3月4日,巴基斯坦,,,,,,0
3月5日,巴基斯坦,,,,,,0
3月6日,巴基斯坦,,,,,,0
3月7日,巴基斯坦,6,1,,1,,5
3月8日,巴基斯坦,6,1,,0,,5
3月9日,巴基斯坦,7,1,,1,,6
3月10日,巴基斯坦,16,1,,9,,15
3月11日,巴基斯坦,19,2,,3,,17
3月12日,巴基斯坦,19,2,,0,,17
3月13日,巴基斯坦,21,2,,2,,19
3月14日,巴基斯坦,28,2,,7,,26
3月15日,巴基斯坦,31,2,,3,,29
3月16日,巴基斯坦,53,2,,22,,51
3月17日,巴基斯坦,184,2,1,131,1,182
3月18日,巴基斯坦,247,2,,63,-1,245
3月19日,巴基斯坦,307,13,2,60,2,294
3月20日,巴基斯坦,454,13,2,147,0,441
3月21日,巴基斯坦,534,13,3,80,1,521
3月22日,巴基斯坦,645,13,3,111,0,632
3月23日,巴基斯坦,776,13,4,131,1,763
3月24日,巴基斯坦,875,13,6,99,2,862
3月25日,巴基斯坦,972,18,7,97,1,954
3月26日,巴基斯坦,1063,21,8,91,1,1042
3月27日,巴基斯坦,1179,21,9,116,1,1158
3月28日,巴基斯坦,1331,23,10,152,1,1308
3月29日,巴基斯坦,1495,29,12,164,2,1466
3月30日,巴基斯坦,1597,29,14,102,2,1568
3月31日,巴基斯坦,1717,76,21,120,7,1641
4月1日,巴基斯坦,1938,76,26,221,5,1862
4月2日,巴基斯坦,2118,94,27,180,1,2024
4月3日,巴基斯坦,2421,125,34,303,7,2296
4月4日,巴基斯坦,2686,126,40,265,6,2560
4月5日,巴基斯坦,2818,131,41,132,1,2687
4月6日,巴基斯坦,3157,211,47,339,6,2946
4月7日,巴基斯坦,3766,259,53,609,6,3507
4月8日,巴基斯坦,4035,429,57,269,4,3606
4月9日,巴基斯坦,4263,467,61,228,4,3796
4月10日,巴基斯坦,4489,572,65,226,4,3917
4月11日,巴基斯坦,4695,727,66,206,1,3968
4月12日,巴基斯坦,5011,762,86,316,20,4249
4月13日,巴基斯坦,5230,1028,91,219,5,4202
4月14日,巴基斯坦,5496,1095,93,266,2,4401
4月15日,巴基斯坦,5837,1378,96,341,3,4459
4月16日,巴基斯坦,6383,1446,111,546,15,4937
4月17日,巴基斯坦,6919,1645,128,536,17,5274
4月18日,巴基斯坦,7025,1765,135,106,7,5260
4月19日,巴基斯坦,7638,1832,143,613,8,5806
4月20日,巴基斯坦,8348,1868,168,710,25,6480
4月21日,巴基斯坦,8418,1970,176,70,8,6448
4月22日,巴基斯坦,9565,2073,201,1147,25,7492
4月23日,巴基斯坦,10076,2156,212,511,11,7920
4月24日,巴基斯坦,11057,2337,235,981,23,8720
4月25日,巴基斯坦,11940,2755,253,883,18,9185
4月26日,巴基斯坦,12644,2755,268,704,15,9889
4月27日,巴基斯坦,13328,2936,281,684,13,10392
4月28日,巴基斯坦,13915,3029,292,587,11,10886
4月29日,巴基斯坦,14612,3233,312,697,20,11379
4月30日,巴基斯坦,15525,3425,343,913,31,12100
5月1日,巴基斯坦,16473,4105,361,948,18,12368
5月2日,巴基斯坦,18092,4351,417,1619,56,13741
5月3日,巴基斯坦,19022,4753,437,930,20,14269
5月4日,巴基斯坦,20084,5114,457,1062,20,14970
5月5日,巴基斯坦,20941,5635,476,857,19,15306
5月6日,巴基斯坦,22049,5801,514,1108,38,16248
5月7日,巴基斯坦,23214,6281,544,1165,30,16933
5月8日,巴基斯坦,24644,6464,585,1430,41,18180
5月9日,巴基斯坦,26435,7530,599,1791,14,18905
5月10日,巴基斯坦,28736,7809,636,2301,37,20927
5月11日,巴基斯坦,30334,8063,659,1598,23,22271
5月12日,巴基斯坦,30941,8212,667,607,8,22729
5月13日,巴基斯坦,32674,8555,724,1733,57,24119
5月14日,巴基斯坦,35298,8899,761,2624,37,26399
5月15日,巴基斯坦,35788,9695,770,490,9,26093
5月16日,巴基斯坦,37218,10155,803,1430,33,27063
5月17日,巴基斯坦,38799,10880,834,1581,31,27919
5月18日,巴基斯坦,40151,11341,873,1352,39,28810
5月19日,巴基斯坦,42125,11922,903,1974,30,30203
5月20日,巴基斯坦,43966,12489,939,1841,36,31477
5月21日,巴基斯坦,45898,13101,985,1932,46,32797
5月22日,巴基斯坦,48091,14155,1017,2193,32,33936
5月23日,巴基斯坦,50694,15201,1067,2603,50,35493
5月24日,巴基斯坦,52437,16653,1101,1743,34,35784
5月25日,巴基斯坦,54601,17198,1133,2164,32,37403
5月26日,巴基斯坦,56349,17482,1167,1748,34,38867
5月27日,巴基斯坦,57705,18314,1197,1356,30,39391
5月28日,巴基斯坦,59151,19142,1225,1446,28,40009
5月29日,巴基斯坦,61227,20231,1260,2076,35,40996
5月30日,巴基斯坦,64028,22305,1317,2801,57,41723
5月31日,巴基斯坦,66457,24131,1395,2429,78,42326
6月1日,巴基斯坦,69496,25271,1483,3039,88,44225
6月2日,巴基斯坦,72460,26083,1543,2964,60,46377
6月3日,巴基斯坦,76398,27110,1621,3938,78,49288
6月4日,巴基斯坦,80463,28923,1688,4065,67,51540
6月5日,巴基斯坦,85264,30128,1770,4801,82,55136
6月6日,巴基斯坦,89249,31198,1838,3985,68,58051
6月7日,巴基斯坦,93983,32581,1935,4734,97,61402
6月8日,巴基斯坦,98943,33465,2002,4960,67,65478
6月9日,巴基斯坦,103671,34355,2067,4728,65,69316
6月10日,巴基斯坦,108317,35018,2172,4646,105,73299
6月11日,巴基斯坦,113702,36308,2255,5385,83,77394
6月12日,巴基斯坦,119536,38391,2356,5834,101,81145
6月13日,巴基斯坦,125933,40247,2463,6397,107,85686
6月14日,巴基斯坦,132405,50056,2551,6472,88,82349
6月15日,巴基斯坦,139230,51735,2632,6825,81,87495
6月16日,巴基斯坦,144478,53721,2729,5248,97,90757
6月17日,巴基斯坦,148921,56390,2839,4443,110,92531
6月18日,巴基斯坦,154760,58437,2975,5839,136,96323
6月19日,巴基斯坦,160118,59215,3093,5358,118,100903
6月20日,巴基斯坦,165062,61383,3229,4944,136,103679
6月21日,巴基斯坦,171666,63504,3382,6604,153,108162
6月22日,巴基斯坦,176617,67892,3501,4951,119,108725
6月23日,巴基斯坦,0,0,0,0,0,0
6月24日,巴基斯坦,0,0,0,0,0,0
6月25日,巴基斯坦,0,0,0,0,0,0
6月26日,巴基斯坦,0,0,0,0,0,0
6月27日,巴基斯坦,,,,,,
6月28日,巴基斯坦,,,,,,
6月29日,巴基斯坦,,,,,,
6月30日,巴基斯坦,,,,,,
2月1日,南非,,,,,,0
2月2日,南非,,,,,,0
2月3日,南非,,,,,,0
2月4日,南非,,,,,,0
2月5日,南非,,,,,,0
2月6日,南非,,,,,,0
2月7日,南非,,,,,,0
2月8日,南非,,,,,,0
2月9日,南非,,,,,,0
2月10日,南非,,,,,,0
2月11日,南非,,,,,,0
2月12日,南非,,,,,,0
2月13日,南非,,,,,,0
2月14日,南非,,,,,,0
2月15日,南非,,,,,,0
2月16日,南非,,,,,,0
2月17日,南非,,,,,,0
2月18日,南非,,,,,,0
2月19日,南非,,,,,,0
2月20日,南非,,,,,,0
2月21日,南非,,,,,,0
2月22日,南非,,,,,,0
2月23日,南非,,,,,,0
2月24日,南非,,,,,,0
2月25日,南非,,,,,,0
2月26日,南非,,,,,,0
2月27日,南非,,,,,,0
2月28日,南非,,,,,,0
2月29日,南非,,,,,,0
3月1日,南非,,,,,,0
3月2日,南非,,,,,,0
3月3日,南非,,,,,,0
3月4日,南非,,,,,,0
3月5日,南非,,,,,,0
3月6日,南非,,,,,,0
3月7日,南非,1,,,,,1
3月8日,南非,2,,,1,,2
3月9日,南非,3,,,1,,3
3月10日,南非,7,,,4,,7
3月11日,南非,7,,,0,,7
3月12日,南非,13,,,6,,13
3月13日,南非,17,,,4,,17
3月14日,南非,24,,,7,,24
3月15日,南非,38,,,14,,38
3月16日,南非,61,,,23,,61
3月17日,南非,64,,,3,,64
3月18日,南非,85,,,21,,85
3月19日,南非,116,,,31,,116
3月20日,南非,150,,,34,,150
3月21日,南非,240,1,,90,,239
3月22日,南非,240,2,,0,,238
3月23日,南非,274,2,,34,,272
3月24日,南非,402,4,,128,,398
3月25日,南非,554,4,,152,,550
3月26日,南非,709,12,,155,,697
3月27日,南非,927,12,,218,,915
3月28日,南非,1170,31,1,243,1,1139
3月29日,南非,1187,31,1,17,0,1156
3月30日,南非,1280,31,2,93,1,1249
3月31日,南非,1326,31,3,46,1,1295
4月1日,南非,1353,31,5,27,2,1322
4月2日,南非,1380,50,5,27,0,1330
4月3日,南非,1462,50,5,82,0,1412
4月4日,南非,1505,95,9,43,4,1410
4月5日,南非,1585,95,9,80,0,1490
4月6日,南非,1655,95,11,70,2,1560
4月7日,南非,1686,95,12,31,1,1591
4月8日,南非,1749,95,13,63,1,1654
4月9日,南非,1845,95,18,96,5,1750
4月10日,南非,1934,95,18,89,0,1839
4月11日,南非,2003,410,24,69,6,1593
4月12日,南非,2028,410,25,25,1,1618
4月13日,南非,2173,410,25,145,0,1763
4月14日,南非,2272,410,27,99,2,1862
4月15日,南非,2415,410,27,143,0,2005
4月16日,南非,2506,410,34,91,7,2096
4月17日,南非,2605,903,48,99,14,1702
4月18日,南非,2783,903,50,178,2,1880
4月19日,南非,3034,903,52,251,2,2131
4月20日,南非,3158,903,54,124,2,2255
4月21日,南非,3300,1055,58,142,4,2245
4月22日,南非,3465,1055,58,165,0,2410
4月23日,南非,3635,1055,65,170,7,2580
4月24日,南非,3953,1473,75,318,10,2480
4月25日,南非,4220,1473,79,267,4,2747
4月26日,南非,4361,1473,86,141,7,2888
4月27日,南非,4546,1473,87,185,1,3073
4月28日,南非,4793,1473,90,247,3,3320
4月29日,南非,4996,2073,93,203,3,2923
4月30日,南非,5350,2073,103,354,10,3277
5月1日,南非,5647,2073,103,297,0,3574
5月2日,南非,5951,2382,116,304,13,3569
5月3日,南非,6336,2549,123,385,7,3787
5月4日,南非,6783,2549,131,447,8,4234
5月5日,南非,7220,2746,138,437,7,4474
5月6日,南非,7572,2746,148,352,10,4826
5月7日,南非,7808,3153,153,236,5,4655
5月8日,南非,8232,3153,161,424,8,5079
5月9日,南非,8895,3153,178,663,17,5742
5月10日,南非,9420,3983,186,525,8,5437
5月11日,南非,10015,4173,194,595,8,5842
5月12日,南非,10652,4357,206,637,12,6295
5月13日,南非,11350,4357,206,698,0,6993
5月14日,南非,12074,4745,219,724,13,7329
5月15日,南非,12739,5676,238,665,19,7063
5月16日,南非,13524,6083,247,785,9,7441
5月17日,南非,14355,6478,261,831,14,7877
5月18日,南非,15515,7006,264,1160,3,8509
5月19日,南非,16433,7298,286,918,22,9135
5月20日,南非,17200,7960,312,767,26,9240
5月21日,南非,18003,8950,339,803,27,9053
5月22日,南非,19137,8950,369,1134,30,10187
5月23日,南非,20125,10104,397,988,28,10021
5月24日,南非,21343,10104,407,1218,10,11239
5月25日,南非,22583,11100,429,1240,22,11483
5月26日,南非,23615,11917,481,1032,52,11698
5月27日,南非,24264,12741,524,649,43,11523
5月28日,南非,25937,13451,552,1673,28,12486
5月29日,南非,27403,13451,577,1466,25,13952
5月30日,南非,29240,15093,611,1837,34,14147
5月31日,南非,30967,16116,643,1727,32,14851
6月1日,南非,32683,16809,683,1716,40,15874
6月2日,南非,34357,17291,705,1674,22,17066
6月3日,南非,35812,18313,755,1455,50,17499
6月4日,南非,37525,19682,792,1713,37,17843
6月5日,南非,40792,21311,848,3267,56,19481
6月6日,南非,43434,23088,908,2642,60,20346
6月7日,南非,45973,24258,952,2539,44,21715
6月8日,南非,48285,24364,998,2312,46,23921
6月9日,南非,50879,26099,1080,2594,82,24780
6月10日,南非,52991,29006,1162,2112,82,23985
6月11日,南非,55421,31505,1210,2430,48,23916
6月12日,南非,58568,33252,1284,3147,74,25316
6月13日,南非,61927,35006,1354,3359,70,26921
6月14日,南非,65736,36850,1423,3809,69,28886
6月15日,南非,70038,38531,1480,4302,57,31507
6月16日,南非,73533,39867,1568,3495,88,33666
6月17日,南非,73533,39867,1568,0,0,33666
6月18日,南非,80412,44331,1674,6879,106,36081
6月19日,南非,83890,44920,1737,3478,63,38970
6月20日,南非,87715,47825,1831,3825,94,39890
6月21日,南非,92681,50326,1877,4966,46,42355
6月22日,南非,97302,51608,1930,4621,53,45694
6月23日,南非,0,0,0,0,0,0
6月24日,南非,0,0,0,0,0,0
6月25日,南非,0,0,0,0,0,0
6月26日,南非,0,0,0,0,0,0
6月27日,南非,,,,,,
6月28日,南非,,,,,,
6月29日,南非,,,,,,
6月30日,南非,,,,,,
